number,AER,Growth_stage,Replication,soil_type,Genotype,Genotypes,Class,Severity,GGA,Necrosis,a,u,Chlorosis,b,v,CSI,GA,NGRDI,TGI,Hue,Intensity,Lightness,Saturation
1,AER2,R1,Rep1,red,Kasawaya,G6,5,22.28,0.16,2.28,11.85,0,15.51,15.25,0,0,0,20.98,922.92,35.19,0.51,55.58,0.09
2,AER2,R1,Rep1,red,Natal_common,G11,5,26.18,0.29,-3.05,6.47,0,20.81,84.21,-2.7,1564.07,57.45,42.67,438.08,26.23,0.52,56.03,0.08
3,AER2,R1,Rep1,red,Makulu_red,G7,5,29.88,0.46,12.5,35.56,1.68,13.43,49.11,-2.85,607.49,61.92,29.28,-45.63,17.26,0.55,58.38,0.08
4,AER2,R1,Rep1,red,Tumbe,G12,5,30.39,0.18,0.65,9,1.82,14.98,55.5,-4.57,606.56,60.36,25.77,541.02,29.44,0.54,58.56,0.13
5,AER2,R1,Rep1,red,Murambatsvina,G9,6,37.37,0.21,0.8,10.18,1.82,16.59,11.3,-5.46,498.05,63.36,26.9,-46.31,17.24,0.55,58.36,0.08
6,AER2,R1,Rep1,red,Munzungu_munemari,G8,6,39.15,0.23,-0.08,9.05,2.22,17.05,11.86,0,0,0,30.5,0,20.98,0.53,56.61,0.1
7,AER2,R1,Rep1,red,Chizambia,G3,7,41.42,0.15,2.48,11.67,2.22,14.41,15.04,-6.36,-45.63,63.39,17.26,607.49,29.28,0.51,54.67,0.07
8,AER2,R1,Rep1,red,Chigunwe,G2,7,42.96,0.16,-2.3,7.89,2.33,14.56,22.6,-14.26,438.08,25.53,26.23,0,30.5,0.51,55.69,0.11
9,AER2,R1,Rep1,red,Bobwhite,G1,7,43.09,0.24,-11.91,30.56,2.72,35.42,78.09,-12.6,922.92,75.87,35.19,498.05,26.9,0.53,56.76,0.1
10,AER2,R1,Rep1,red,Guinea_fowl,G4,7,45.4,0.46,10.35,34.36,2.78,29.63,23.09,-16.39,541.02,54.1,29.44,433.07,24.97,0.51,55.38,0.12
11,AER2,R1,Rep1,red,Muromo_wehoto,G10,7,48.56,0.16,2.36,12.98,8.12,17.68,19.65,-6.86,433.07,71.22,24.97,1564.07,42.67,0.51,56.64,0.14
12,AER2,R1,Rep1,red,Kabhutsu,G5,7,55.21,0.15,2.51,11.7,20,14.41,14.86,-6.36,-46.31,63.43,17.24,606.56,25.77,0.49,53.34,0.1
13,AER2,R1,Rep2,red,Kasawaya,G6,5,23,0.09,15,36.47,0,25.88,28.98,0,0,0,17.11,1300.72,29.3,0.49,56.68,0.37
14,AER2,R1,Rep2,red,Natal_common,G11,5,27,0.1,15.87,44.71,2.21,39.54,89.26,-20.12,702.73,80.78,25.92,-855.41,14.22,0.52,55.47,0.22
15,AER2,R1,Rep2,red,Makulu_red,G7,5,30.1,0.45,12.79,32.97,2.6,16.08,48.31,-3.1,0,61.25,19.61,-223.62,19.31,0.51,55.18,0.26
16,AER2,R1,Rep2,red,Tumbe,G12,6,31.5,0.14,14.63,42.57,2.75,39.96,60.3,-19.29,1005.03,78.78,27.34,-687.93,15.56,0.53,56.6,0.22
17,AER2,R1,Rep2,red,Murambatsvina,G9,6,38,0.14,14.29,41.71,4.23,39.35,92.94,-19.29,975.96,75.26,27.33,704.47,25.53,0.49,55.6,0.38
18,AER2,R1,Rep2,red,Munzungu_munemari,G8,6,40.1,0.2,9.28,28.82,4.35,28.84,35.05,-14.61,626.85,71.05,25.73,0,17.11,0.49,52.86,0.25
19,AER2,R1,Rep2,red,Chizambia,G3,6,40.2,0.1,14.3,36.59,6.03,27.81,36.15,-17.88,-223.62,81.33,19.31,0,19.61,0.48,52.84,0.25
20,AER2,R1,Rep2,red,Chigunwe,G2,7,43.2,0.17,-2.5,8.68,7.72,14.85,23.23,-19.07,-855.41,28.07,14.22,626.85,25.73,0.49,54.48,0.27
21,AER2,R1,Rep2,red,Bobwhite,G1,7,44,0.23,11.63,32.09,7.98,38.72,79.57,-17.01,1300.72,77.12,29.3,975.96,27.33,0.49,56.32,0.39
22,AER2,R1,Rep2,red,Guinea_fowl,G4,7,46.5,1.46,15.11,36.81,8.53,25.08,28.61,-18.01,-687.93,58.3,15.56,-153.44,19.88,0.51,55.33,0.25
23,AER2,R1,Rep2,red,Muromo_wehoto,G10,7,49.1,0.15,13.11,34.36,9.71,27.14,24.08,-17.01,-153.44,79.55,19.88,702.73,25.92,0.51,57.57,0.38
24,AER2,R1,Rep2,red,Kabhutsu,G5,7,56,0.23,15.97,44.08,22,38.54,91.77,-20.26,704.47,83.69,25.53,1005.03,27.34,0.49,56.56,0.39
25,AER2,R1,Rep3,red,Kasawaya,G6,5,29.89,0.31,-5.61,1.63,1.15,18.31,5.23,-0.19,1617.26,54.5,53.74,1678.67,47.09,0.49,53.57,0.11
26,AER2,R1,Rep3,red,Natal_common,G11,6,36.28,0.31,-6.9,-1.14,1.27,16.36,89.51,1.47,1834.95,36.74,66.26,0,21.14,0.53,56.39,0.07
27,AER2,R1,Rep3,red,Makulu_red,G7,6,40.11,0.4,12.6,36.68,1.4,14.78,49.13,-3.3,0,60.25,30.19,979.4,41.45,0.56,60.14,0.08
28,AER2,R1,Rep3,red,Tumbe,G12,7,46.97,0.28,-4.55,1.93,1.83,15.8,68.1,-0.53,1369.2,51.3,49.45,502.52,29.19,0.54,57.81,0.05
29,AER2,R1,Rep3,red,Murambatsvina,G9,7,47.56,0.34,-7.34,-1.64,2.13,16.75,11.91,2.28,2176.3,37.53,69.06,1508.49,55.12,0.52,56.83,0.07
30,AER2,R1,Rep3,red,Munzungu_munemari,G8,7,50.11,0.41,-9.14,-2.46,2.23,20.61,5.26,3.03,2626.63,42.28,70.7,1617.26,53.74,0.53,58.09,0.11
31,AER2,R1,Rep3,red,Chizambia,G3,8,67.44,0.27,-3.41,3.82,2.33,16.09,8.71,-1.77,979.4,52.43,41.45,0,30.19,0.52,56.31,0.08
32,AER2,R1,Rep3,red,Chigunwe,G2,8,77.17,0.16,-3.2,8.16,2.76,13.36,27.69,-18.6,0,25,21.14,2626.63,70.7,0.5,56.27,0.13
33,AER2,R1,Rep3,red,Bobwhite,G1,9,96.61,0.25,-14.07,33.13,2.88,37.03,76.54,-15.53,1678.67,72.65,47.09,2176.3,69.06,0.5,55.13,0.09
34,AER2,R1,Rep3,red,Guinea_fowl,G4,9,100,0.48,12.45,33.92,3.1,22.29,27.53,-14.27,502.52,50.34,29.19,1466.81,48.54,0.51,55.64,0.07
35,AER2,R1,Rep3,red,Muromo_wehoto,G10,9,100,0.29,-4.29,1.65,7.14,14.45,11.78,0.19,1466.81,30.58,48.54,1834.95,66.26,0.53,58.55,0.08
36,AER2,R1,Rep3,red,Kabhutsu,G5,9,100,0.33,-5.22,0.62,22,15.05,14.9,0.54,1508.49,27.32,55.12,1369.2,49.45,0.51,56.23,0.09
37,AER2,R1,Rep4,sand,Kasawaya,G6,6,32.7,0.1,-1.46,14.25,2.0667,30.16,57.23,-6.0144,1645.5623,41.4514,41.08,1981.45,63.44,0.49,55.05,0.15
38,AER2,R1,Rep4,sand,Natal_common,G11,6,36.8,0.19,-4.09,10.2,4.2082,31.07,46.48,-3.626,1959.5286,62.1959,45.05,3627.83,85.67,0.52,60.89,0.16
39,AER2,R1,Rep4,sand,Makulu_red,G7,6,38,0.18,-4.58,8.66,9.3441,30.65,50.56,-3.6275,2091.9584,64.4628,47.46,3047.46,76.71,0.48,56,0.17
40,AER2,R1,Rep4,sand,Tumbe,G12,7,42.5,0.23,-5.65,7.03,10.5349,30.59,37.09,-3.031,2123.4177,24.8705,49.84,1373.49,41.82,0.5,55.97,0.2
41,AER2,R1,Rep4,sand,Murambatsvina,G9,7,46,0.28,-5.2,10.12,12.278,36.67,69.52,-3.5332,2905.3139,53.5902,48.89,2008.75,50.48,0.48,54.28,0.2
42,AER2,R1,Rep4,sand,Munzungu_munemari,G8,7,46.8,0.22,-5.39,7.23,12.5031,30.09,58.62,-3.1642,2064.4765,54.1532,49.25,0,45.62,0.45,53.19,0.31
43,AER2,R1,Rep4,sand,Chizambia,G3,7,50,0.16,-4.07,9.14,15.2075,29.07,14.74,-3.4911,1807.5644,68.3426,45.3,1596.36,52.71,0.53,58.63,0.14
44,AER2,R1,Rep4,sand,Chigunwe,G2,7,50.4,0.1,-4.2,5.05,17.6809,22.52,15.83,-3.4073,2372.9666,53.7917,54.1,0,58.67,0.49,56.56,0.21
45,AER2,R1,Rep4,sand,Bobwhite,G1,7,51.9,0.22,-2.64,5.86,18.6963,25.33,28.53,-2.8761,1829.4371,68.6267,48.9,1641.27,44.95,0.47,53.6,0.2
46,AER2,R1,Rep4,sand,Guinea_fowl,G4,7,54.1,0.15,-3.93,11.86,20.8872,30.57,45.68,-4.4437,1715.1542,59.8447,42.43,2641.17,67.41,0.51,58.27,0.18
47,AER2,R1,Rep4,sand,Muromo_wehoto,G10,7,56.9,0.28,-6.66,3.49,22.4213,24.97,36.64,-0.7832,1668.068,60.2132,52.39,1149.36,49.43,0.45,51.21,0.16
48,AER2,R1,Rep4,sand,Kabhutsu,G5,8,63.8,0.19,-4.36,7.4,29.3284,26.56,21.4,-3.4462,1692.0626,67.8021,46.31,2136.05,49.73,0.47,54.54,0.23
49,AER2,R1,Rep5,sand,Kasawaya,G6,6,33,0.15,-1.45,13.1,3.4204,30.58,57.27,-6.6279,174.8789,47.2939,44.32,2373.12,56.42,0.49,56.56,0.21
50,AER2,R1,Rep5,sand,Natal_common,G11,6,37.2,0.17,-3.6,11.13,4.1082,30.32,44.94,-4.2689,184.74,67.892,38.89,2715.13,43.02,0.44,51.58,0.29
51,AER2,R1,Rep5,sand,Makulu_red,G7,6,38.8,0.18,-3.74,7.73,11.3399,30.93,53.36,-3.7598,172.1319,69.6547,40.43,1391.23,49.69,0.44,51.73,0.25
52,AER2,R1,Rep5,sand,Tumbe,G12,7,43,0.22,-3.48,6.22,13.1077,31.21,34.68,-2.5589,145.8777,22.8895,39.1,3158.38,56.24,0.49,57.14,0.25
53,AER2,R1,Rep5,sand,Murambatsvina,G9,7,46.9,0.21,-5.38,10.06,13.3595,35.58,68.44,-3.2782,101.5792,52.8628,33.79,1251.3,34.22,0.5,55.88,0.25
54,AER2,R1,Rep5,sand,Munzungu_munemari,G8,7,47,0.21,-3.04,7.55,15.0601,30.56,52.17,-3.6123,12.6645,62.1106,30.26,643.16,27.44,0.51,56.08,0.25
55,AER2,R1,Rep5,sand,Chizambia,G3,7,50.4,0.13,-3.35,9.15,15.7112,29.68,18.32,-2.4758,65.6085,63.9279,35.72,0,36.72,0.41,48.6,0.38
56,AER2,R1,Rep5,sand,Chigunwe,G2,7,50.8,0.2,-4.23,4.79,17.342,12.44,17.68,-4.5969,411.5523,59.2955,47.44,0,36.64,0.44,51.54,0.38
57,AER2,R1,Rep5,sand,Bobwhite,G1,7,52.3,0.21,-2.69,2.02,17.4702,20.48,20.43,-1.6676,1823.3392,61.2636,24.89,4073.77,62.44,0.47,55.01,0.25
58,AER2,R1,Rep5,sand,Guinea_fowl,G4,7,54.8,0.13,-3.34,11.37,21.8529,31.05,49,-5.2253,141.3336,56.5691,35.3,2804.41,46.94,0.41,48.47,0.27
59,AER2,R1,Rep5,sand,Muromo_wehoto,G10,7,57,0.21,-6.26,3.43,23.8686,20.95,33.06,-1.4019,96.5832,62.6993,33.64,3207.05,53.65,0.49,56.78,0.26
60,AER2,R1,Rep5,sand,Kabhutsu,G5,8,64,0.11,-3.57,7.4,24.2134,21.75,22.79,-1.1683,240.427,71.2055,39.05,556.29,40.31,0.44,50.89,0.27
61,AER2,R1,Rep6,sand,Kasawaya,G6,6,33.9,0.11,-1.4,16.19,2.3957,33.23,54.03,-6.5454,558.929,46.9013,29.78,624.52,32.01,0.54,58.56,0.13
62,AER2,R1,Rep6,sand,Natal_common,G11,6,37.8,0.16,-4.1,15.84,3.1351,32.83,54.33,-5.2292,1494.1738,61.4211,35.68,2886.72,63.94,0.43,50.95,0.22
63,AER2,R1,Rep6,sand,Makulu_red,G7,6,39,0.17,-3.8,6.93,11.523,33.2,51.93,-4.9358,495.6737,69.4505,28.9,4107.64,93.47,0.46,54.91,0.17
64,AER2,R1,Rep6,sand,Tumbe,G12,7,43.8,0.24,-3.32,7.7,12.6178,32.32,22.9,-4.9521,1678.6162,27.5138,38.18,1361.94,84.12,0.45,51.95,0.12
65,AER2,R1,Rep6,sand,Murambatsvina,G9,7,47,0.22,-6.3,11.85,12.9668,32.33,65.57,-5.0089,1679.193,57.7836,38.07,2313.9,70.42,0.49,55.82,0.15
66,AER2,R1,Rep6,sand,Munzungu_munemari,G8,7,48,0.23,-5.2,6.19,13.6364,30.8,56.23,-4.7494,1552.8717,61.477,38.53,3983.84,93.81,0.45,53.16,0.15
67,AER2,R1,Rep6,sand,Chizambia,G3,7,50.9,0.14,-3.4,8.85,14.3991,31.26,16.12,-3.9907,1337.4544,63.1853,36.61,3202.53,69.92,0.45,52.95,0.19
68,AER2,R1,Rep6,sand,Chigunwe,G2,7,51,0.15,2.29,5.36,16.497,22.18,18.61,-7.585,442.8519,50.2827,29.32,0,53.08,0.47,53.01,0.18
69,AER2,R1,Rep6,sand,Bobwhite,G1,7,53,0.21,2.35,3.03,20.9668,23.58,27.42,-7.9697,1835.4771,68.9353,30.76,0,87.61,0.47,57.4,0.22
70,AER2,R1,Rep6,sand,Guinea_fowl,G4,7,55,0.14,3.51,12.68,21.2947,31.66,44.02,-5.4994,1267.8157,54.8891,33.81,3781.56,82.72,0.46,54.04,0.18
71,AER2,R1,Rep6,sand,Muromo_wehoto,G10,7,57.3,0.29,-6.36,4.69,23.0151,21.41,30.29,-2.4608,383.8356,61.3908,29.01,4430.24,88.32,0.44,52.66,0.19
72,AER2,R1,Rep6,sand,Kabhutsu,G5,8,64.8,0.19,-3.11,7.69,32.8715,21.41,20.29,-3.4608,383.8356,71.3908,29.01,2247.81,77.83,0.45,51.73,0.12
73,AER2,R2,Rep1,sand,Bobwhite,G1,7,42,0.1,68.6267,-2.64,5.86,10.5349,25.33,29.55,28.53,0.22,-2.8761,1829.4371,48.9,0.46,52.39,0.21
74,AER2,R2,Rep1,sand,Chigunwe,G2,5,25.5,0.19,53.7917,-4.2,5.05,2.0667,22.52,17.29,15.83,0.3,-3.4073,2372.9666,54.1,0.47,55.29,0.28
75,AER2,R2,Rep1,sand,Chizambia,G3,4,14.25,0.12,68.3426,-4.07,9.14,4.2082,29.07,35.67,14.74,0.16,-3.4911,1807.5644,45.3,0.6,66.41,0.19
76,AER2,R2,Rep1,sand,Guinea_fowl,G4,5,30.34,0.03,59.8447,-3.93,11.86,12.5031,30.57,37.73,45.68,0.15,-4.4437,1715.1542,42.43,0.65,71.09,0.19
77,AER2,R2,Rep1,sand,Kabhutsu,G5,7,51.72,0.11,67.8021,-4.36,7.4,18.6963,26.56,32.59,21.4,0.19,-3.4462,1692.0626,46.31,0.56,62.93,0.18
78,AER2,R2,Rep1,sand,Kasawaya,G6,7,58.41,0.14,41.4514,-1.46,14.25,12.278,30.16,35.21,57.23,0.1,-6.0144,1645.5623,41.08,0.54,61.01,0.23
79,AER2,R2,Rep1,sand,Makulu_red,G7,6,38,0.19,64.4628,-4.58,8.66,20.8872,30.65,36.31,50.56,0.18,-3.6275,2091.9584,47.46,0.53,60.83,0.23
80,AER2,R2,Rep1,sand,Munzungu_munemari,G8,7,45.12,0.29,54.1532,-5.39,7.23,29.3284,30.09,36.01,58.62,0.22,-3.1642,2064.4765,49.25,0.54,61.19,0.22
81,AER2,R2,Rep1,sand,Murambatsvina,G9,5,21.25,0.09,53.5902,-5.2,10.12,9.3441,36.67,42.12,69.52,0.28,-3.5332,2905.3139,48.89,0.53,61.66,0.3
82,AER2,R2,Rep1,sand,Muromo_wehoto,G10,6,33.93,0.27,60.2132,-6.66,3.49,15.2075,24.97,32.4,36.64,0.28,-0.7832,1668.068,52.39,0.64,70.11,0.14
83,AER2,R2,Rep1,sand,Natal_common,G11,7,44.36,0.26,62.1959,-4.09,10.2,22.4213,31.07,38.32,46.48,0.19,-3.626,1959.5286,45.05,0.63,70.07,0.2
84,AER2,R2,Rep1,sand,Tumbe,G12,6,36.99,0.14,24.8705,-5.65,7.03,17.6809,30.59,36.51,37.09,0.23,-3.031,2123.4177,49.84,0.53,61.06,0.23
85,AER2,R2,Rep2,sand,Bobwhite,G1,7,43,0.07,61.2636,-2.69,2.02,13.3595,20.48,23.94,20.43,0.21,-1.6676,1823.3392,24.89,0.58,60.96,0.03
86,AER2,R2,Rep2,sand,Chigunwe,G2,5,25,0.17,59.2955,-4.23,4.79,4.1082,12.44,16.54,17.68,0.2,-4.5969,411.5523,47.44,0.56,59.92,0.04
87,AER2,R2,Rep2,sand,Chizambia,G3,4,15.09,0.11,63.9279,-3.35,9.15,3.4204,29.68,34.19,18.32,0.13,-2.4758,65.6085,35.72,0.55,58.77,0.03
88,AER2,R2,Rep2,sand,Guinea_fowl,G4,6,35.37,0.01,56.5691,-3.34,11.37,13.1077,31.05,34.71,49,0.13,-5.2253,141.3336,35.3,0.57,60.14,0.03
89,AER2,R2,Rep2,sand,Kabhutsu,G5,7,53.37,0.19,71.2055,-3.57,7.4,17.342,21.75,35.61,22.79,0.11,-1.1683,240.427,39.05,0.57,60.41,0.04
90,AER2,R2,Rep2,sand,Kasawaya,G6,7,59.09,0.12,47.2939,-1.45,13.1,15.0601,30.58,34.35,57.27,0.15,-6.6279,174.8789,44.32,0.58,61.45,0.02
91,AER2,R2,Rep2,sand,Makulu_red,G7,6,40,0.15,69.6547,-3.74,7.73,21.8529,30.93,34.64,53.36,0.18,-3.7598,172.1319,40.43,0.56,60.14,0.03
92,AER2,R2,Rep2,sand,Munzungu_munemari,G8,7,46.52,0.29,62.1106,-3.04,7.55,24.2134,30.56,34.06,52.17,0.21,-3.6123,12.6645,30.26,0.57,60.02,0.03
93,AER2,R2,Rep2,sand,Murambatsvina,G9,5,21.46,0.08,52.8628,-5.38,10.06,11.3399,35.58,44.18,68.44,0.21,-3.2782,101.5792,33.79,0.57,60.72,0.03
94,AER2,R2,Rep2,sand,Muromo_wehoto,G10,6,33.65,0.29,62.6993,-6.26,3.43,15.7112,20.95,34.61,33.06,0.21,-1.4019,96.5832,33.64,0.57,60.73,0.03
95,AER2,R2,Rep2,sand,Natal_common,G11,7,42.64,0.27,67.892,-3.6,11.13,23.8686,30.32,35.1,44.94,0.17,-4.2689,184.74,38.89,0.57,60.46,0.03
96,AER2,R2,Rep2,sand,Tumbe,G12,6,36.01,0.19,22.8895,-3.48,6.22,17.4702,31.21,34.82,34.68,0.22,-2.5589,145.8777,39.1,0.55,58.32,0.03
97,AER2,R2,Rep3,sand,Bobwhite,G1,6,40,0.08,68.9353,2.35,3.03,11.523,23.58,27.48,27.42,0.11,-7.9697,1835.4771,30.76,0.54,58.66,0.18
98,AER2,R2,Rep3,sand,Chigunwe,G2,5,24.5,0.18,50.2827,2.29,5.36,3.1351,22.18,16.22,18.61,0.15,-7.585,442.8519,29.32,0.55,59.96,0.16
99,AER2,R2,Rep3,sand,Chizambia,G3,4,12.19,0.13,63.1853,-3.4,8.85,2.3957,31.26,35.11,16.12,0.14,-3.9907,1337.4544,36.61,0.52,58.79,0.26
100,AER2,R2,Rep3,sand,Guinea_fowl,G4,6,30.67,0.02,54.8891,3.51,12.68,12.6178,31.66,35.61,44.02,0.14,-5.4994,1267.8157,33.81,0.55,61.25,0.25
101,AER2,R2,Rep3,sand,Kabhutsu,G5,7,50.35,0.1,71.3908,-3.11,7.69,12.9668,21.41,35.38,20.29,0.19,-3.4608,383.8356,29.01,0.55,59.54,0.15
102,AER2,R2,Rep3,sand,Kasawaya,G6,7,55.07,0.09,46.9013,-1.4,16.19,14.3991,33.23,37.4,54.03,0.11,-6.5454,558.929,29.78,0.56,60.81,0.17
103,AER2,R2,Rep3,sand,Makulu_red,G7,7,42,0.18,69.4505,-3.8,6.93,21.2947,33.2,37.23,51.93,0.17,-4.9358,495.6737,28.9,0.56,60.59,0.17
104,AER2,R2,Rep3,sand,Munzungu_munemari,G8,7,48.31,0.28,61.477,-5.2,6.19,23.0151,30.8,34.65,56.23,0.23,-4.7494,1552.8717,38.53,0.51,57.41,0.26
105,AER2,R2,Rep3,sand,Murambatsvina,G9,5,22.04,0.07,57.7836,-6.3,11.85,13.6364,32.33,36.2,65.57,0.22,-5.0089,1679.193,38.07,0.52,58.71,0.27
106,AER2,R1,Rep3,sand,Muromo_wehoto,G10,6,35.1,0.27,61.3908,-6.36,4.69,20.9668,21.41,35.38,30.29,0.29,-2.4608,383.8356,29.01,0.55,59.54,0.15
107,AER2,R1,Rep3,sand,Natal_common,G11,7,46.61,0.23,61.4211,-4.1,15.84,32.8715,32.83,36.53,54.33,0.16,-5.2292,1494.1738,35.68,0.53,59.78,0.27
108,AER2,R1,Rep3,sand,Tumbe,G12,8,77.13,0.15,27.5138,-3.32,7.7,16.497,32.32,36.23,22.9,0.24,-4.9521,1678.6162,38.18,0.52,58.79,0.27
1,AER2,R2,Rep4,red,Kasawaya,G6,5,22.28,0.16,2.28,11.85,0,15.51,15.25,0,0,0,20.98,922.92,35.19,0.51,55.58,0.09
2,AER2,R2,Rep4,red,Natal_common,G11,5,30.1,0.44,-5.12,6.24,3.33,27.7,43.81,-3.25,2136.05,49.86,49.73,1846.51,64.99,0.53,59.57,0.13
3,AER2,R2,Rep4,red,Makulu_red,G7,6,33,0.36,-8.29,35.31,3.5,37.85,48.12,-2.5,0,65.32,58.67,3981.83,97.49,0.5,58.76,0.15
4,AER2,R2,Rep4,red,Tumbe,G12,6,35,0.5,-7.54,2.72,3.92,27.5,25.34,-1.64,2373.12,48.15,56.42,1820.82,70.21,0.49,55.57,0.13
5,AER2,R2,Rep4,red,Murambatsvina,G9,7,40.5,0.59,-10.19,-1.85,5.17,25.55,26.97,1.89,2641.17,30.42,67.41,2263.85,72.58,0.51,57.81,0.14
6,AER2,R2,Rep4,red,Munzungu_munemari,G8,7,42.5,0.4,-3.3,7.58,6.72,24.55,48.57,-4.55,1641.27,54.71,44.95,706.48,33.17,0.46,50.9,0.14
7,AER2,R2,Rep4,red,Chizambia,G3,7,43.5,0.39,-2.18,9.65,7.81,25.15,39.07,-5.87,1373.49,60.6,41.82,0,68.16,0.5,57.98,0.2
8,AER2,R2,Rep4,red,Chigunwe,G2,7,45.5,0.08,-4.5,5.41,8.59,25.09,26.69,-19.1,3047.46,25.28,76.71,0,70.51,0.49,56.5,0.18
9,AER2,R2,Rep4,red,Bobwhite,G1,7,47,0.17,-15.85,-39.63,8.79,46.34,80.79,-19,3627.83,79.84,85.67,2926.36,85.06,0.49,57.47,0.15
10,AER2,R2,Rep4,red,Guinea_fowl,G4,7,48,0.25,12.1,18.59,9.08,25.5,37.03,-22.98,2008.75,60.5,50.48,2001.89,81.31,0.47,55.42,0.19
11,AER2,R2,Rep4,red,Muromo_wehoto,G10,7,52,0.43,-4.6,4.05,12.29,21,18.34,-4.08,1149.36,63.43,49.43,2517.27,64.77,0.52,59.32,0.17
12,AER2,R2,Rep4,red,Kabhutsu,G5,7,59,0.36,-2.86,11.6,23,33.28,54.45,0,0,0,45.62,2342.03,66.63,0.47,54.43,0.16
13,AER2,R2,Rep5,red,Kasawaya,G6,5,28,0.25,4.06,22.11,0,34.93,79.94,0,0,0,36.72,2335.92,67.7,0.51,58.22,0.15
14,AER2,R2,Rep5,red,Natal_common,G11,6,33.5,0.34,-0.4,13.33,3.98,28.68,55.52,-15.17,556.29,64.4,40.31,3993.64,87.33,0.51,59.38,0.17
15,AER2,R2,Rep5,red,Makulu_red,G7,6,35,0.38,-8.2,33.25,4.1,36.3,49.35,-1.5,0,64.35,36.64,4109.03,97.62,0.53,62.56,0.15
16,AER2,R2,Rep5,red,Tumbe,G12,6,38.5,0.38,0.06,10.57,5.38,19.44,16.26,-5.57,624.52,45.78,32.01,2230.51,83.67,0.55,61.68,0.11
17,AER2,R2,Rep5,red,Murambatsvina,G9,7,42.5,0.39,-3.52,8.19,5.68,27.88,62.11,-3.03,2804.41,32.17,46.94,4353.88,97.17,0.49,58.62,0.16
18,AER2,R2,Rep5,red,Munzungu_munemari,G8,7,43,0.54,-9.89,0.26,7.85,30.22,31.38,3.66,4073.77,19.81,62.44,604.04,29.65,0.51,56.03,0.13
19,AER2,R2,Rep5,red,Chizambia,G3,7,45.3,0.54,-8.05,3.5,8.93,31.37,52.47,-0.48,3158.38,26.98,56.24,0,87.5,0.53,62.09,0.17
20,AER2,R2,Rep5,red,Chigunwe,G2,7,47.4,0.09,-5.1,6.54,10.63,28.22,32.06,-21,1391.23,31.68,49.69,0,89.39,0.54,62.94,0.15
21,AER2,R2,Rep5,red,Bobwhite,G1,7,48,0.18,-16.58,34.34,12.67,40.54,82.8,-18.44,2715.13,89.25,43.02,1173.5,51.56,0.53,58.48,0.11
22,AER2,R2,Rep5,red,Guinea_fowl,G4,7,49.5,0.28,10.51,19.14,14.57,29.22,44.74,-19.33,1251.3,61.5,34.22,3033.2,63.29,0.51,58.36,0.19
23,AER2,R2,Rep5,red,Muromo_wehoto,G10,7,53,0.52,-7.04,5.1,15.66,31.75,27.88,-1.09,3207.05,36.29,53.65,2821.3,82.88,0.55,62.36,0.13
24,AER2,R2,Rep5,red,Kabhutsu,G5,7,60.1,0.24,7.4,25.86,24,28.42,39.12,-12.29,643.16,67.36,27.44,4189.63,87.5,0.51,59.92,0.17
25,AER2,R2,Rep6,red,Kasawaya,G6,6,30.5,0.53,-10.61,-2.76,0,25.13,20.79,1.63,3202.53,37.26,69.92,2540.58,73.29,0.52,59.61,0.15
26,AER2,R2,Rep6,red,Natal_common,G11,6,35,0.51,-9.75,-4.06,1.74,18.97,17.49,2.26,2247.81,38.53,77.83,3537.21,90.79,0.55,63.82,0.15
27,AER2,R2,Rep6,red,Makulu_red,G7,6,36.5,0.41,-7.89,33.21,2.53,33.44,51.3,-2.5,0,68.72,53.08,4007.77,66.28,0.46,55.71,0.3
28,AER2,R2,Rep6,red,Tumbe,G12,6,40.1,0.46,-7.37,0.63,3.4,22.32,38.91,-1.04,2351.81,44.77,60.45,1701.8,68.81,0.55,61.01,0.12
29,AER2,R2,Rep6,red,Murambatsvina,G9,7,43.5,0.62,-14.5,-8.04,3.49,25.5,17.55,5.63,3781.56,28.25,82.72,1828.01,48.1,0.44,51.24,0.29
30,AER2,R2,Rep6,red,Munzungu_munemari,G8,7,44,0.82,-19.58,-13.12,3.55,31.04,15.11,0,0,0,87.61,1233.35,33.1,0.51,57.35,0.29
31,AER2,R2,Rep6,red,Chizambia,G3,7,46,0.63,-11.39,-6.04,4.5,19.67,12.64,7.85,1361.94,13.55,84.12,0,49.53,0.49,58.08,0.31
32,AER2,R2,Rep6,red,Chigunwe,G2,7,48.5,0.07,-5.3,-7.52,4.85,25.32,36.98,-23.5,4107.64,30.61,93.47,1927.36,62.15,0.55,61.17,0.15
33,AER2,R2,Rep6,red,Bobwhite,G1,7,49.3,0.13,-19.14,-38.45,6.48,45.92,84.94,-20.62,2886.72,81.12,63.94,1537.26,42.04,0.42,49.37,0.29
34,AER2,R2,Rep6,red,Guinea_fowl,G4,7,50.1,0.29,11.65,18.9,9.68,27.41,40.18,-18.5,2313.9,60.42,70.42,2427.65,41.45,0.49,56.75,0.33
35,AER2,R2,Rep6,red,Muromo_wehoto,G10,7,55,0.73,-16.89,-10.97,16.55,26.48,14.08,7.7,4430.24,18.62,88.32,2454.84,68.95,0.46,53.58,0.18
36,AER2,R2,Rep6,red,Kabhutsu,G5,8,62.5,0.72,-16.24,-11.28,25,23.22,9.63,7.54,3983.84,20.98,93.81,1766.54,38.78,0.47,55.27,0.34
37,AER2,R3,Rep1,sand,Kasawaya,G6,6,34.5,0.1,-3.81,19.69,6.9217,26.63,77.74,-7.7287,1592.5921,81.4093,46.51,2351.81,60.45,0.44,50.5,0.17
38,AER2,R3,Rep1,sand,Natal_common,G11,6,38,0.06,-5.53,20.86,9.0472,46.48,69.99,-6.5245,793.414,75.7217,55.31,1626.12,57.06,0.53,58.36,0.1
39,AER2,R3,Rep1,sand,Makulu_red,G7,6,39.7,0.32,-4,9.47,12.2509,38.05,60.61,-5.7913,2280.9506,82.3358,49.63,3226.78,95.79,0.54,61.24,0.11
40,AER2,R3,Rep1,sand,Tumbe,G12,7,44.3,0.16,-6.35,16.45,15.1192,41.39,42.86,6.6175,1850.5744,35.9869,70.35,1766.79,67.72,0.56,61.88,0.11
41,AER2,R3,Rep1,sand,Murambatsvina,G9,7,47.7,0.2,-6.4,19.02,18.3236,38.62,72.91,-8.5832,1553.918,63.3882,45.95,1200.34,44.31,0.52,56.7,0.12
42,AER2,R3,Rep1,sand,Munzungu_munemari,G8,7,48.6,0.01,-4.97,8.68,19.9191,38.98,69.55,-5.31,1480.1581,70.0121,51.4,453.67,29.08,0.43,47.22,0.1
43,AER2,R3,Rep1,sand,Chizambia,G3,7,51.8,0.28,-1.06,14.48,21.7386,26.06,42.71,-6.4133,1479.994,86.3239,44.85,2734.95,74.54,0.53,59.96,0.13
44,AER2,R3,Rep1,sand,Chigunwe,G2,7,52,0.56,-8.14,15.25,24.0763,24.93,31.74,-7.71,1352.4373,12.9137,62.29,2308.46,64.16,0.53,59.64,0.12
45,AER2,R3,Rep1,sand,Bobwhite,G1,7,53.8,0.12,-4.56,15.68,28.1467,24.99,77.6,-0.4129,1578.3776,29.2127,49.14,3076.44,80.76,0.46,54.01,0.16
46,AER2,R3,Rep1,sand,Guinea_fowl,G4,7,55.8,0.08,-1.54,10.42,28.8381,26.05,65.49,-3.4012,1304.5999,80.2908,41.98,0,73.29,0.53,59.31,0.12
47,AER2,R3,Rep1,sand,Muromo_wehoto,G10,7,58.5,0.14,-7.12,6.24,31.1493,29.4,68.25,-5.1834,2292.4346,78.0679,50.81,2957.35,82.58,0.52,59.31,0.13
48,AER2,R3,Rep1,sand,Kabhutsu,G5,8,65.3,0.16,-3.43,14.45,35.7405,27.82,76.56,-9.21,1118.88,23.6035,43.9,2343.53,61.02,0.53,59.13,0.13
49,AER2,R3,Rep2,sand,Kasawaya,G6,6,35,0.11,-3.8,18.36,8.0151,24.61,85.26,-8.0223,1156.2791,86.1732,39.51,0,67.22,0.53,59.69,0.13
50,AER2,R3,Rep2,sand,Natal_common,G11,6,38.3,0.13,-5.42,22.66,8.4556,45.58,67.85,-6.6787,1161.9169,72.1331,37.63,3159.86,63.93,0.51,58.14,0.16
51,AER2,R3,Rep2,sand,Makulu_red,G7,7,40.5,0.31,-4.8,10.91,12.9688,35.16,69.65,-5.4862,1266.6932,84.3738,39.68,3329.04,84.99,0.51,58.97,0.14
52,AER2,R3,Rep2,sand,Tumbe,G12,7,45,0.11,-6.93,11.82,15.4382,45.84,46.32,-7.2422,1137.5095,32.4051,39.29,1191.92,42.81,0.52,57.09,0.12
53,AER2,R3,Rep2,sand,Murambatsvina,G9,7,49,0.18,-7,18.22,18.017,36.72,79.3,-7.7312,1109.1665,66.0302,35.63,3839.29,100.61,0.52,60.41,0.13
54,AER2,R3,Rep2,sand,Munzungu_munemari,G8,7,49,0.02,-4.23,9.93,20.8477,35.72,70.99,-6.9241,1159.4811,73.0857,37.52,700.21,34.43,0.55,59.29,0.11
55,AER2,R3,Rep2,sand,Chizambia,G3,7,52,0.22,-1.03,13.79,22.6181,26.87,45.7,-6.9306,1236.9697,89.9601,37.59,0,59.55,0.51,56.96,0.14
56,AER2,R3,Rep2,sand,Chigunwe,G2,7,53.9,0.52,-7.66,12.95,24.5256,27.15,31.67,-6.3837,1397.0135,13.3167,38.97,0,65.67,0.51,57.81,0.13
57,AER2,R3,Rep2,sand,Bobwhite,G1,7,54.3,0.11,-0.65,11.78,25.9349,24.36,78.17,-4.2556,1070.278,23.0795,37.48,1393.81,46.35,0.53,58.65,0.13
58,AER2,R3,Rep2,sand,Guinea_fowl,G4,7,56,0.09,-0.91,11.3,28.9655,24.31,62.86,-5.8059,1114.8246,89.4299,38.21,1475.02,44.46,0.54,59.73,0.12
59,AER2,R3,Rep2,sand,Muromo_wehoto,G10,7,60,0.13,-7.25,6.01,35.4182,25.46,77.27,-6.0666,1125.7771,80.5784,38.24,2484.45,76.55,0.53,59.36,0.12
60,AER2,R3,Rep2,sand,Kabhutsu,G5,8,66,0.1,-3.3,14.07,36.2586,25.97,75.73,-7.2226,1089.3591,26.0935,36.22,3145.72,71.58,0.52,59.45,0.15
61,AER2,R3,Rep3,sand,Kasawaya,G6,6,37,0.11,-3.15,17.79,4.0275,20.52,75.44,-10.817,1272.6397,85.5321,34.93,1413.68,49.25,0.58,63.09,0.12
62,AER2,R3,Rep3,sand,Natal_common,G11,6,40.2,0.17,-6.1,21.18,7.2522,48.6,63.57,-6.5605,102.0409,76.8382,28.93,2838.34,43,0.49,57.38,0.34
63,AER2,R3,Rep3,sand,Makulu_red,G7,7,42,0.36,-4.5,12.54,14.0228,40.28,73.11,-6.0349,1362.8381,88.75,36.73,2801.57,46.82,0.47,55.52,0.32
64,AER2,R3,Rep3,sand,Tumbe,G12,7,46.5,0.17,-6.8,16.47,14.1439,40.54,40.52,-8.3686,1446.682,31.5852,37.98,1237.42,43.38,0.53,58.43,0.15
65,AER2,R3,Rep3,sand,Murambatsvina,G9,7,50.4,0.18,-0.73,16.42,18.9707,37.14,77.68,-8.9771,1350.6591,63.1048,37.82,1617.61,35.75,0.44,51.71,0.36
66,AER2,R3,Rep3,sand,Munzungu_munemari,G8,7,51,0.04,-5.53,10.06,22.9054,37.95,70.29,-7.0354,1262.0165,78.8346,40.8,1324.08,32.41,0.52,58.56,0.31
67,AER2,R3,Rep3,sand,Chizambia,G3,7,52.5,0.28,1.51,15.73,23.2287,26.84,48.08,-9.2278,1151.7138,85.1157,35.57,1987.73,35.89,0.45,52.86,0.36
68,AER2,R3,Rep3,sand,Chigunwe,G2,7,54.3,0.57,-7.45,17.96,24.2976,30.49,30.56,-9.4201,1398.6367,12.2151,36.46,0,45.86,0.47,55.25,0.34
69,AER2,R3,Rep3,sand,Bobwhite,G1,7,55,0.11,-0.28,12.51,24.7966,30.64,79.79,-3.1353,1317.4602,25.0072,35.22,841.02,39.25,0.49,55.21,0.2
70,AER2,R3,Rep3,sand,Guinea_fowl,G4,7,58,0.1,-0.85,11.22,26.1093,24.88,72.35,-4.1401,1147.874,86.0906,33.59,1344.52,39.05,0.56,61.97,0.18
71,AER2,R3,Rep3,sand,Muromo_wehoto,G10,8,61,0.17,-7.85,6.68,33.1084,28.56,66.79,-7.7882,1316.6,80.2306,39.67,3349.31,51.82,0.45,54.05,0.34
72,AER2,R3,Rep3,sand,Kabhutsu,G5,8,66.5,0.16,-3.5,16.46,35.8584,28.7,75.28,-8.7349,1228.7197,23.3819,36.32,978.6,33.24,0.51,56.43,0.22
73,AER2,R3,Rep4,sand,Bobwhite,G1,7,40,0.04,29.2127,-4.56,15.68,24.0763,24.99,28.71,77.6,0.12,-0.4129,1578.3776,49.14,0.43,49.94,0.22
74,AER2,R3,Rep4,sand,Chigunwe,G2,6,38.3,0.38,12.9137,-8.14,15.25,6.9217,24.93,27.81,31.74,0.56,-7.71,1352.4373,62.29,0.36,43.22,0.25
75,AER2,R3,Rep4,sand,Chizambia,G3,5,28.93,0.16,86.3239,-1.06,14.48,9.0472,26.06,29.93,42.71,0.28,-6.4133,1479.994,44.85,0.46,52.43,0.22
76,AER2,R3,Rep4,sand,Guinea_fowl,G4,7,54.81,0.01,80.2908,-1.54,10.42,19.9191,26.05,28.86,65.49,0.08,-3.4012,1304.5999,41.98,0.42,48.89,0.25
77,AER2,R3,Rep4,sand,Kabhutsu,G5,7,46.15,0.06,23.6035,-3.43,14.45,15.1192,27.82,31.99,76.56,0.16,-9.21,1118.88,43.9,0.49,54.42,0.12
78,AER2,R3,Rep4,sand,Kasawaya,G6,4,12.45,0.06,81.4093,-3.81,19.69,28.8381,26.63,30.88,77.74,0.1,-7.7287,1592.5921,46.51,0.47,53.72,0.22
79,AER2,R3,Rep4,sand,Makulu_red,G7,4,19.6,0.12,82.3358,-4,9.47,28.1467,38.05,38.36,60.61,0.32,-5.7913,2280.9506,49.63,0.46,53.31,0.24
80,AER2,R3,Rep4,sand,Munzungu_munemari,G8,7,57.21,0.19,70.0121,-4.97,8.68,31.1493,38.98,38.24,69.55,0.01,-5.31,1480.1581,51.4,0.47,52.26,0.13
81,AER2,R3,Rep4,sand,Murambatsvina,G9,7,55.42,0.05,63.3882,-6.4,19.02,12.2509,38.62,52.48,72.91,0.2,-8.5832,1553.918,45.95,0.46,53,0.25
82,AER2,R3,Rep4,sand,Muromo_wehoto,G10,8,71.69,0.04,78.0679,-7.12,6.24,21.7386,29.4,38.88,68.25,0.14,-5.1834,2292.4346,50.81,0.47,54.1,0.25
83,AER2,R3,Rep4,sand,Natal_common,G11,7,54.3,0.11,75.7217,-5.53,20.86,35.7405,46.48,41.24,69.99,0.06,-6.5245,793.414,55.31,0.52,57.27,0.09
84,AER2,R3,Rep4,sand,Tumbe,G12,7,49.5,0.09,35.9869,-6.35,16.45,18.3236,41.39,42.06,42.86,0.16,6.6175,1850.5744,70.35,0.49,55.46,0.14
85,AER2,R3,Rep5,sand,Bobwhite,G1,7,41,0.03,23.0795,-0.65,11.78,24.5256,24.36,28.84,78.17,0.11,-4.2556,1070.278,37.48,0.53,58.35,0.18
86,AER2,R3,Rep5,sand,Chigunwe,G2,6,33.5,0.31,13.3167,-7.66,12.95,8.0151,27.15,31.52,31.67,0.52,-6.3837,1397.0135,38.97,0.51,57.78,0.21
87,AER2,R3,Rep5,sand,Chizambia,G3,5,27.51,0.12,89.9601,-1.03,13.79,8.4556,26.87,31.13,45.7,0.22,-6.9306,1236.9697,37.59,0.52,57.85,0.21
88,AER2,R3,Rep5,sand,Guinea_fowl,G4,7,45.94,0.01,89.4299,-0.91,11.3,18.017,24.31,28.73,62.86,0.09,-5.8059,1114.8246,38.21,0.52,57.6,0.18
89,AER2,R3,Rep5,sand,Kabhutsu,G5,7,45.64,0.02,26.0935,-3.3,14.07,12.9688,25.97,30.26,75.73,0.1,-7.2226,1089.3591,36.22,0.53,58.42,0.2
90,AER2,R3,Rep5,sand,Kasawaya,G6,4,11.65,0.08,86.1732,-3.8,18.36,28.9655,24.61,39.92,85.26,0.11,-8.0223,1156.2791,39.51,0.56,62.11,0.17
91,AER2,R3,Rep5,sand,Makulu_red,G7,4,20.05,0.11,84.3738,-4.8,10.91,22.6181,35.16,39.8,69.65,0.31,-5.4862,1266.6932,39.68,0.52,58.24,0.19
92,AER2,R3,Rep5,sand,Munzungu_munemari,G8,7,56.32,0.13,73.0857,-4.23,9.93,35.4182,35.72,39.93,70.99,0.02,-6.9241,1159.4811,37.52,0.51,57.21,0.2
93,AER2,R3,Rep5,sand,Murambatsvina,G9,7,58.24,0.04,66.0302,-7,18.22,15.4382,36.72,50.85,79.3,0.18,-7.7312,1109.1665,35.63,0.52,58.21,0.21
94,AER2,R3,Rep5,sand,Muromo_wehoto,G10,8,75.58,0.03,80.5784,-7.25,6.01,25.9349,25.46,40.39,77.27,0.13,-6.0666,1125.7771,38.24,0.55,60.66,0.18
95,AER2,R3,Rep5,sand,Natal_common,G11,7,53.48,0.14,72.1331,-5.42,22.66,36.2586,45.58,40.02,67.85,0.13,-6.6787,1161.9169,37.63,0.52,58.34,0.2
96,AER2,R3,Rep5,sand,Tumbe,G12,7,49.23,0.09,32.4051,-6.93,11.82,20.8477,45.84,49.95,46.32,0.11,-7.2422,1137.5095,39.29,0.5,55.88,0.21
97,AER2,R3,Rep6,sand,Bobwhite,G1,7,45,0.02,25.0072,-0.28,12.51,23.2287,30.64,33.56,79.79,0.11,-3.1353,1317.4602,35.22,0.49,55.44,0.27
98,AER2,R3,Rep6,sand,Chigunwe,G2,6,36.43,0.35,12.2151,-7.45,17.96,4.0275,30.49,34.15,30.56,0.57,-9.4201,1398.6367,36.46,0.51,57.6,0.26
99,AER2,R3,Rep6,sand,Chizambia,G3,5,27.59,0.18,85.1157,1.51,15.73,7.2522,26.84,29.93,48.08,0.28,-9.2278,1151.7138,35.57,0.47,53.44,0.24
100,AER2,R3,Rep6,sand,Guinea_fowl,G4,7,49.32,0.03,86.0906,-0.85,11.22,18.9707,24.88,24.58,72.35,0.1,-4.1401,1147.874,33.59,0.53,59.81,0.25
101,AER2,R3,Rep6,sand,Kabhutsu,G5,7,41.5,0.05,23.3819,-3.5,16.46,14.0228,28.7,32.52,75.28,0.16,-8.7349,1228.7197,36.32,0.51,57.35,0.24
102,AER2,R3,Rep6,sand,Kasawaya,G6,4,12.34,0.09,85.5321,-3.15,17.79,22.9054,20.52,40.98,75.44,0.11,-10.817,1272.6397,34.93,0.47,53.75,0.28
103,AER2,R3,Rep6,sand,Makulu_red,G7,5,20.77,0.14,88.75,-4.5,12.54,24.7966,40.28,39.76,73.11,0.36,-6.0349,1362.8381,36.73,0.5,56.58,0.26
104,AER2,R3,Rep6,sand,Munzungu_munemari,G8,7,52.12,0.11,78.8346,-5.53,10.06,35.8584,37.95,42.74,70.29,0.04,-7.0354,1262.0165,40.8,0.53,59.17,0.22
105,AER2,R3,Rep6,sand,Murambatsvina,G9,7,58.12,0.03,63.1048,-0.73,16.42,14.1439,37.14,53.67,77.68,0.18,-8.9771,1350.6591,37.82,0.49,56.14,0.26
106,AER2,R3,Rep6,sand,Muromo_wehoto,G10,8,74.36,0.09,80.2306,-7.85,6.68,24.2976,28.56,43.87,66.79,0.17,-7.7882,1316.6,39.67,0.47,53.32,0.26
107,AER2,R3,Rep6,sand,Natal_common,G11,7,50.74,0.12,76.8382,-6.1,21.18,33.1084,48.6,42.72,63.57,0.17,-6.5605,102.0409,28.93,0.56,60.41,0.12
108,AER2,R3,Rep6,sand,Tumbe,G12,7,40.79,0.08,31.5852,-6.8,16.47,26.1093,40.54,44.59,40.52,0.17,-8.3686,1446.682,37.98,0.52,58.47,0.25
1,AER3,R1,Rep1,red,Kasawaya,G6,5,26.98,0.04,85,10.79,32.64,0.43,23.21,33.01,46.37,0.45,-6.9,0,27.59,0.45,51.63,0.34
2,AER3,R1,Rep1,red,Natal_common,G11,6,32.76,0.11,82.59,8.95,25.03,0.76,20.86,23.31,39.68,0.12,-12.43,-385.56,17.11,0.55,59.09,0.16
3,AER3,R1,Rep1,red,Makulu_red,G7,6,33.58,0.05,45,11.74,35.48,0.89,35.24,35.2,40.96,0.12,-10.23,0,27.52,0.48,54.34,0.35
4,AER3,R1,Rep1,red,Tumbe,G12,6,34.96,0.06,92.35,13.26,38.81,1.02,37.1,36.44,50,0.08,-17.81,910.71,27.15,0.48,54.77,0.37
5,AER3,R1,Rep1,red,Murambatsvina,G9,6,35.98,0.12,81.48,9.54,28.49,1.03,26.59,28.55,17.16,0.15,-13.85,231.02,23.2,0.51,56.38,0.23
6,AER3,R1,Rep1,red,Munzungu_munemari,G8,6,39.53,0.06,90.7,10.85,34.09,1.11,35.57,35.56,37.54,0.09,-16.09,1097.96,28.66,0.47,53.97,0.35
7,AER3,R1,Rep1,red,Chizambia,G3,7,47.86,0.09,88.1,11.11,30.68,1.47,25.18,27.32,12.16,0.1,-14.28,-267.72,19.49,0.55,59.31,0.2
8,AER3,R1,Rep1,red,Chigunwe,G2,7,48.52,0.08,36.06,9.73,32.04,1.53,34.95,35.33,38.04,0.13,-15.36,1223.3,29.4,0.47,54.03,0.34
9,AER3,R1,Rep1,red,Bobwhite,G1,7,49.56,0.05,89.96,-11.2,34.66,2.11,35.04,35.19,44.27,0.08,-16.32,975.18,27.83,0.48,54.51,0.34
10,AER3,R1,Rep1,red,Guinea_fowl,G4,7,50.24,0.05,91.58,11.17,28.81,2.44,21.29,33.31,69.52,0.06,-13.81,-644.49,14.84,0.56,59.28,0.16
11,AER3,R1,Rep1,red,Muromo_wehoto,G10,7,58.03,0.11,81.51,8.89,25.76,8,22.53,25.04,12.54,0.13,-12.51,-206.84,19.35,0.55,58.9,0.17
12,AER3,R1,Rep1,red,Kabhutsu,G5,7,65,0.23,60.82,-4.73,2.23,10,16.69,21.87,40,0.24,-0.96,899.99,48.24,0.58,62.94,0.08
13,AER3,R1,Rep2,red,Kasawaya,G6,5,27.98,0.07,84.61,10.59,28.96,0.66,25.55,26.32,48,0.46,-5.11,270.52,21.89,0.46,51.02,0.25
14,AER3,R1,Rep2,red,Natal_common,G11,6,33.76,0.07,87.82,8.87,29.55,0.91,33.43,33.46,36.11,0.11,-14.88,1422.31,29.87,0.44,51.06,0.35
15,AER3,R1,Rep2,red,Makulu_red,G7,6,34.12,0.07,46,9.02,29.52,1.02,32.62,32.86,38.65,0.11,-10.21,0,29.16,0.45,51.38,0.33
16,AER3,R1,Rep2,red,Tumbe,G12,6,35.1,0.05,91.08,10.43,33.5,1.22,35.28,35.76,55.3,0.07,-15.44,1192.9,28.73,0.48,55.16,0.34
17,AER3,R1,Rep2,red,Murambatsvina,G9,6,36.5,0.09,84.44,6.81,27.07,1.23,34.86,35.5,34.85,0.14,-13.29,1797.9,32.74,0.45,52.58,0.35
18,AER3,R1,Rep2,red,Munzungu_munemari,G8,6,40,0.08,83.51,7.44,23.17,1.27,22.75,24.97,17.23,0.1,-11.54,243.47,22.44,0.5,54.76,0.19
19,AER3,R1,Rep2,red,Chizambia,G3,7,48,0.08,90.24,11.16,30.3,1.69,26.34,27.03,15.56,0.09,-15.67,124.14,21.9,0.47,51.61,0.25
20,AER3,R1,Rep2,red,Chigunwe,G2,7,49.2,0.08,36.24,10.83,29.72,1.7,36.45,37.04,39.28,0.11,-15.59,291.19,22.5,0.46,50.83,0.26
21,AER3,R1,Rep2,red,Bobwhite,G1,7,50.1,0.06,89.96,-9.22,31.06,1.73,34.63,34.69,40.69,0.09,-15.1,1436.66,29.84,0.46,52.41,0.35
22,AER3,R1,Rep2,red,Guinea_fowl,G4,7,51,0.06,91.62,11.23,34.22,2.9,23.64,34.51,69.78,0.08,-16.34,1139.98,27.81,0.47,53.25,0.35
23,AER3,R1,Rep2,red,Muromo_wehoto,G10,7,59,0.13,82.77,8.62,26.71,12,27.46,28.49,23.24,0.17,-14.58,596.47,25.99,0.46,51.14,0.27
24,AER3,R1,Rep2,red,Kabhutsu,G5,8,65.2,0.23,60.82,-4.73,2.23,12.45,16.69,21.87,45.2,0.24,-0.96,899.99,48.24,0.58,62.94,0.08
25,AER3,R1,Rep3,red,Kasawaya,G6,5,28,0.09,84.7,10.65,37.29,0.59,24.35,38.25,51,0.43,-4.23,159.83,24.93,0.59,62.14,0.07
26,AER3,R1,Rep3,red,Natal_common,G11,6,34,0.2,58.55,-3.86,2.6,0.84,14.99,19.42,36.88,0.22,-1.15,817.09,43.94,0.55,59.37,0.07
27,AER3,R1,Rep3,red,Makulu_red,G7,6,34.8,0.1,43.21,10.47,38.2,0.98,36.07,39.93,40.12,0.12,-8.45,0,29.41,0.55,58.65,0.09
28,AER3,R1,Rep3,red,Tumbe,G12,6,35.8,0.13,72.24,-2.23,4.14,1.01,13.45,17.09,57.2,0.14,-1.92,500.12,33.74,0.53,56.65,0.06
29,AER3,R1,Rep3,red,Murambatsvina,G9,6,37,0.14,67.74,-2.46,4.26,1.02,14.24,18.26,5.98,0.15,-2,513.07,35.05,0.55,59.18,0.07
30,AER3,R1,Rep3,red,Munzungu_munemari,G8,7,41.5,0.19,70.1,-3.29,4.8,1.02,17.82,22.46,9.76,0.21,-2.28,959.75,42.04,0.54,58.73,0.1
31,AER3,R1,Rep3,red,Chizambia,G3,7,49,0.09,77.86,0.59,9.08,1.06,14.79,18.33,10.8,0.1,-4.54,169.44,23.19,0.56,59.46,0.08
32,AER3,R1,Rep3,red,Chigunwe,G2,7,50,0.07,36.02,10.1,32.29,1.19,36.66,31.83,36.26,0.12,-15,888.66,47.88,0.58,62.99,0.08
33,AER3,R1,Rep3,red,Bobwhite,G1,7,50.8,0.04,88.1,-12.18,34.29,1.89,33.47,37.31,40.7,0.06,-14.34,425.19,32.26,0.55,59.16,0.06
34,AER3,R1,Rep3,red,Guinea_fowl,G4,7,51,0.08,80.43,10.33,28.05,2.02,23.83,36.95,67.45,0.09,-14.25,231.24,23.53,0.52,55.56,0.08
35,AER3,R1,Rep3,red,Muromo_wehoto,G10,7,59.55,0.2,68.75,-3.41,4.05,10.15,16.49,21.25,8.24,0.22,-1.96,709.35,41.15,0.57,61.57,0.08
36,AER3,R1,Rep3,red,Kabhutsu,G5,8,65.4,0.23,60.82,-4.73,2.23,11,16.69,21.87,48.6,0.24,-0.96,899.99,48.24,0.58,62.94,0.08
37,AER3,R2,Rep1,red,Kasawaya,G6,5,28.95,0.04,88.56,5.65,37.41,0,27.76,40.12,55,0.36,-9.26,1016.61,34.5,0.49,55.56,0.24
38,AER3,R2,Rep1,red,Natal_common,G11,6,34.5,0.07,72.95,3.88,23.68,2.25,37.56,38.75,73.85,0.26,-12.25,1946.2,37.18,0.46,54.18,0.37
39,AER3,R2,Rep1,red,Makulu_red,G7,6,35,0.04,52,16.31,27.13,2.76,35.88,46.15,77.53,0.31,-13.87,1419.88,33.43,0.47,54.38,0.35
40,AER3,R2,Rep1,red,Tumbe,G12,6,36,0.06,78.98,5.48,25.53,2.85,35.69,36.93,72.41,0.2,-13.26,1513.19,34.47,0.47,54.2,0.35
41,AER3,R2,Rep1,red,Murambatsvina,G9,6,37.54,0.26,72.45,0.94,12.65,2.96,21.41,25.08,15.67,0.3,-7.76,470.3,32.45,0.51,55.63,0.16
42,AER3,R2,Rep1,red,Munzungu_munemari,G8,7,42,0.29,72.18,1.11,11.85,7.14,18.96,22.69,13.19,0.33,-7.87,60.03,29.09,0.53,57.47,0.13
43,AER3,R2,Rep1,red,Chizambia,G3,7,49.55,0.31,69.62,0.19,10.03,7.94,18.01,21.9,10.47,0.35,-6.9,115.22,30.27,0.54,57.99,0.12
44,AER3,R2,Rep1,red,Chigunwe,G2,7,52.45,0.09,49.7,12.25,39.24,8.71,43.24,34.97,58.23,0.19,-11.09,1806.48,37.79,0.44,51.8,0.33
45,AER3,R2,Rep1,red,Bobwhite,G1,7,51.55,0.03,88.65,-13.44,42.86,8.76,37.19,38.58,55.1,0.02,-18.56,2044.89,37.55,0.46,54.23,0.37
46,AER3,R2,Rep1,red,Guinea_fowl,G4,7,52,0.03,83.32,7.93,32,8.83,36.77,41.08,74.62,0.02,-12.21,1051.19,30.15,0.63,69.28,0.27
47,AER3,R2,Rep1,red,Muromo_wehoto,G10,7,60.1,0.04,0,5.16,23.97,11.2,34.24,34.88,81.62,0.2,0,0,34.63,0.44,50.93,0.35
48,AER3,R2,Rep1,red,Kabhutsu,G5,8,66,0.17,86.19,5.59,19.15,15.71,20.31,22.9,60.3,0.2,-12,-329.85,22.33,0.51,54.96,0.16
49,AER3,R2,Rep2,red,Kasawaya,G6,5,28.99,0.07,88.75,4.65,32.41,1.54,26.35,42.32,65,0.31,-10.21,419.52,43.55,0.55,59.64,0.06
50,AER3,R2,Rep2,red,Natal_common,G11,6,35,0.21,43.23,-1.2,8.19,2.5,20.31,22.5,29.15,0.3,-3.54,406.26,39.76,0.39,44.03,0.19
51,AER3,R2,Rep2,red,Makulu_red,G7,6,35.5,0.06,53,15.3,26.26,3.14,32.35,46.38,76.65,0.3,-13.99,-91.02,22.89,0.56,59.54,0.06
52,AER3,R2,Rep2,red,Tumbe,G12,6,36.89,0.28,51.4,-5.96,2.93,3.89,23.74,26.82,17.7,0.34,2.33,972.11,54.67,0.39,45.21,0.23
53,AER3,R2,Rep2,red,Murambatsvina,G9,6,38,0.28,56.3,-6.22,1.99,4.34,21.68,25.9,24.1,0.38,-2.29,669.52,55.89,0.44,50.15,0.17
54,AER3,R2,Rep2,red,Munzungu_munemari,G8,7,42.8,0.44,46.97,-9.45,-2.69,5.47,21.4,25.82,15.39,0.52,0.8,822.46,71.32,0.41,47.87,0.17
55,AER3,R2,Rep2,red,Chizambia,G3,7,50,0.33,28.61,-5.06,0.35,6.5,14.56,17.09,8.3,0.36,-1.79,90.67,59.01,0.36,40.83,0.11
56,AER3,R2,Rep2,red,Chigunwe,G2,7,53,0.09,45.32,11.73,38.45,6.77,41.81,38.02,59.41,0.06,-15.6,1553.31,40.76,0.44,49.35,0.19
57,AER3,R2,Rep2,red,Bobwhite,G1,7,52,0.02,90,-13.45,41.68,8.55,33.78,39.39,55.28,0.03,-20,0,37.78,0.43,48.49,0.22
58,AER3,R2,Rep2,red,Guinea_fowl,G4,7,53,0.02,85.01,7.85,37.5,9.34,39.44,42.03,77.13,0.03,-12.42,300.56,39.82,0.41,45.73,0.17
59,AER3,R2,Rep2,red,Muromo_wehoto,G10,8,60.8,0.35,36.75,-5.36,1.91,10,19.02,22.23,16.54,0.41,-0.26,439.93,54.79,0.39,44.96,0.16
60,AER3,R2,Rep2,red,Kabhutsu,G5,8,66.5,0.12,81.95,7.11,22.8,14.38,23.66,25.52,64.6,0.16,-13.44,286.88,24.38,0.48,52.29,0.21
61,AER3,R2,Rep3,red,Kasawaya,G6,5,29.5,0.04,88.61,7.23,39.85,3.61,25.59,45.18,64,0.35,-8.21,1503.69,41.92,0.51,56.81,0.2
62,AER3,R2,Rep3,red,Natal_common,G11,6,35.56,0.3,35.75,-10.16,-1.75,5.53,25.76,32.06,39.98,0.5,1.83,2950.14,67.11,0.5,57.7,0.18
63,AER3,R2,Rep3,red,Makulu_red,G7,6,36,0.06,55,15.07,28.36,6.51,39.45,44.39,75.23,0.39,-14.25,0,50.19,0.54,59.23,0.11
64,AER3,R2,Rep3,red,Tumbe,G12,6,38.1,0.29,48.69,-8.09,-0.38,7.09,22.03,27.42,30.25,0.42,0.23,1981.45,63.44,0.49,55.05,0.15
65,AER3,R2,Rep3,red,Murambatsvina,G9,6,39,0.24,31.97,-5.4,2.01,7.1,18.79,23.2,28.22,0.33,0.92,1208.77,53.47,0.47,52.83,0.13
66,AER3,R2,Rep3,red,Munzungu_munemari,G8,7,43,0.37,48.24,-9.03,-1.63,8.18,22.19,27.98,20.67,0.47,1.11,2065.71,67.42,0.5,56.4,0.15
67,AER3,R2,Rep3,red,Chizambia,G3,7,50.9,0.03,85.9,-0.92,11.59,8.44,25.08,29.43,71.98,0.11,-6.03,1261.95,38.67,0.51,57.14,0.19
68,AER3,R2,Rep3,red,Chigunwe,G2,7,54,0.04,49.58,12.3,33.32,9.56,40.88,40.25,57.97,0.03,14.46,1728.54,73.53,0.46,53.03,0.14
69,AER3,R2,Rep3,red,Bobwhite,G1,7,52.7,0.02,88.13,-15.96,45.12,10.43,38.05,40.75,50.86,0.03,-22.75,2395.87,51.97,0.47,54.24,0.23
70,AER3,R2,Rep3,red,Guinea_fowl,G4,7,54,0.04,90.5,8.15,31.45,12.22,36.65,41.02,71.8,0.06,-16.6,1277.45,40.57,0.5,56.8,0.21
71,AER3,R2,Rep3,red,Muromo_wehoto,G10,8,61,0.12,71.56,-4.97,6.87,13.08,27.87,33.54,57.76,0.28,-3.85,1838.61,48.46,0.53,60.05,0.2
72,AER3,R2,Rep3,red,Kabhutsu,G5,8,67,0.15,79.92,5.22,20.91,14.71,24.87,28.94,66.8,0.1,-15.74,1395.57,39.64,0.49,55.19,0.2
73,AER3,R3,Rep1,red,Kasawaya,G6,6,30.5,0.01,90.1,5.52,40.53,4.17,41.92,42.3,92.85,0.35,-10.24,0,33.39,0.5,58.29,0.4
74,AER3,R3,Rep1,red,Natal_common,G11,6,36,0.01,77.18,7.69,28.65,8.6,35.43,35.69,90.3,0.1,-14.31,1427.78,32.12,0.45,52.37,0.36
75,AER3,R3,Rep1,red,Makulu_red,G7,6,36.8,0.01,60,7.61,30.36,9.5,40.41,45.68,95.47,0.22,-13.65,0,34.58,0.44,52.67,0.43
76,AER3,R3,Rep1,red,Tumbe,G12,6,39,0,86.2,11.72,38.23,10.31,41.03,40.59,93.06,0.07,-17.17,1278.62,30.32,0.5,57.27,0.4
77,AER3,R3,Rep1,red,Murambatsvina,G9,6,40,0.02,72.54,7.67,29.02,12.02,34.11,36.22,84.36,0.13,-13.29,1084.58,30.51,0.52,58.27,0.3
78,AER3,R3,Rep1,red,Munzungu_munemari,G8,7,43.5,0.02,77.96,7.65,30.06,13.84,38.46,38.67,81.68,0.12,-15.12,1595.37,33.37,0.47,54.42,0.39
79,AER3,R3,Rep1,red,Chizambia,G3,7,51,0.01,76.39,8.07,30.95,15.04,38.78,38.97,90.73,0.12,-15.39,1525.79,33,0.47,54.92,0.39
80,AER3,R3,Rep1,red,Chigunwe,G2,7,54.9,0.01,52.97,18.1,41.5,15.26,49.69,51.66,67.96,0.08,-15.13,1711.18,33.32,0.47,55,0.4
81,AER3,R3,Rep1,red,Bobwhite,G1,7,53.2,0.01,93.54,-16.22,53.05,15.65,47.23,40.67,69.44,0.01,-30.91,583.75,28.11,0.55,60.09,0.22
82,AER3,R3,Rep1,red,Guinea_fowl,G4,7,54.8,0.01,93.96,10.75,33,16.16,38.49,53.91,81.58,0.06,-17.63,801.03,28.51,0.45,51.19,0.36
83,AER3,R3,Rep1,red,Muromo_wehoto,G10,8,61.8,0.1,64.56,2.34,16.27,16.34,24.31,28.06,61.22,0.25,-8.56,705.92,31.6,0.52,57.62,0.19
84,AER3,R3,Rep1,red,Kabhutsu,G5,8,67.8,0.03,92.04,11.72,38.32,21.56,39.63,40.58,75.6,0.07,-16.3,1004.11,29.12,0.54,60.81,0.36
85,AER3,R3,Rep2,red,Kasawaya,G6,6,31,0.02,90.3,3.36,45.21,2.19,46.51,44.89,90.6,0.3,-12.53,2350.58,36.54,0.52,60.39,0.4
86,AER3,R3,Rep2,red,Natal_common,G11,6,36.5,0,83.54,7.72,31.88,5.82,41.5,42.04,95.83,0.08,-13.61,1994.46,34.21,0.49,57.78,0.4
87,AER3,R3,Rep2,red,Makulu_red,G7,6,37,0.01,61,7.59,31.45,8.16,40.2,48.31,88.93,0.21,-13.57,1730.56,33.53,0.51,59.31,0.37
88,AER3,R3,Rep2,red,Tumbe,G12,6,40.1,0,96.67,10.22,33.99,8.97,38.95,37.7,94.4,0.06,-17.33,1375.83,31.37,0.45,52.19,0.41
89,AER3,R3,Rep2,red,Murambatsvina,G9,6,41,0.01,84.36,8.95,30.69,9.31,36.88,35.63,94.32,0.09,-16.55,1345.14,31.96,0.42,49.69,0.41
90,AER3,R3,Rep2,red,Munzungu_munemari,G8,7,44,0.02,80.13,8.35,31.25,10.15,38.71,38.62,79.64,0.11,-15.82,1513.34,32.82,0.46,54.18,0.39
91,AER3,R3,Rep2,red,Chizambia,G3,7,51.6,0.02,77.01,8.33,31.21,13.65,38.49,38.58,87,0.12,-15.61,1489.44,32.67,0.47,54.56,0.39
92,AER3,R3,Rep2,red,Chigunwe,G2,7,55,0.01,58.37,14.59,49.96,13.73,44.19,49.27,62.79,0.07,-16.6,2319.19,36.39,0.64,72.58,0.33
93,AER3,R3,Rep2,red,Bobwhite,G1,7,54,0.02,90.91,-18.23,54.36,15.32,40.41,49.3,69.5,0.02,-36.33,1644.46,32.16,0.46,53.57,0.42
94,AER3,R3,Rep2,red,Guinea_fowl,G4,7,54.9,0.01,96.77,12.26,37.85,15.53,39.74,58.17,96.65,0.03,-18.11,1249.89,29.75,0.46,53.26,0.42
95,AER3,R3,Rep2,red,Muromo_wehoto,G10,8,62,0,76.37,6.16,28.83,15.66,40.68,41.38,97.15,0.11,-13,2028.97,35.6,0.48,56.55,0.4
96,AER3,R3,Rep2,red,Kabhutsu,G5,8,68,0.01,98.85,13.62,41.62,18.61,41.96,40.59,72.14,0.02,-18.38,1222.14,29.25,0.49,56.56,0.42
97,AER3,R3,Rep3,red,Kasawaya,G6,6,31.8,0.05,95.1,4.45,43.61,0,16.01,48.21,94,0.35,-12.23,273.71,32.45,0.55,59.13,0.09
98,AER3,R3,Rep3,red,Natal_common,G11,6,37,0.1,56.84,-4.45,4.22,5.96,20.31,25.24,66.23,0.29,-2.03,1247.15,47.53,0.52,57.37,0.13
99,AER3,R3,Rep3,red,Makulu_red,G7,6,37.5,0.03,63.2,8,35.83,6.02,47.12,50.1,88.29,0.21,-14.21,0,38.84,0.53,58,0.1
100,AER3,R3,Rep3,red,Tumbe,G12,7,40.5,0.07,81.73,-1.65,7.56,6.82,18.55,22.88,58.9,0.18,-4.4,538.18,36.41,0.53,58.17,0.12
101,AER3,R3,Rep3,red,Murambatsvina,G9,7,41.6,0.05,0,-1.7,7.45,7.58,18.5,22.78,71.09,0.19,0,0,36.68,0.53,57.71,0.12
102,AER3,R3,Rep3,red,Munzungu_munemari,G8,7,44.5,0.14,65.77,-3.62,5.07,9.29,19.38,24.31,51.54,0.29,-2.87,894.6,43.74,0.54,59.31,0.12
103,AER3,R3,Rep3,red,Chizambia,G3,7,52,0,90.86,-0.3,13.22,9.51,26.03,30.85,91.08,0.05,-6.24,1156.74,37.19,0.55,60.75,0.19
104,AER3,R3,Rep3,red,Chigunwe,G2,7,56,0.03,52.02,14.79,41.03,9.71,47.5,52.77,65.79,0.05,16.5,1117.51,65.67,0.52,57.86,0.09
105,AER3,R3,Rep3,red,Bobwhite,G1,7,55.8,0.01,92.4,-17.78,53.92,12.27,40.97,47.11,61.71,0.01,-40,2727.18,55.24,0.52,60.06,0.24
106,AER3,R3,Rep3,red,Guinea_fowl,G4,7,55,0.04,90.11,12.31,36.76,13.68,40.09,57.66,87.65,0.08,-14.37,23.17,26.81,0.54,58.16,0.07
107,AER3,R3,Rep3,red,Muromo_wehoto,G10,8,62.8,0.19,66.46,-4.41,2.39,16.46,16.3,20.77,41.69,0.32,-2.05,661.4,48.29,0.52,56.74,0.09
108,AER3,R3,Rep3,red,Kabhutsu,G5,8,68.9,0.09,98.44,17.12,41.02,17.26,41.7,27.67,74.11,0.05,14.43,1928.32,58.19,0.54,60.44,0.13
109,AER3,R1,Rep4,sand,Kasawaya,G6,8,32,0.07,85.45,-2.06,9.71,0.587,24.13,29.33,26.44,0.1,-4.6763,1139.7491,40.11,0.55,61.2,0.17
110,AER3,R1,Rep4,sand,Natal_common,G11,6,37.8,0.09,81.6835,-1.82,11.64,0.7992,27.52,32.91,36.12,0.14,-5.061,1581.6016,40.71,0.56,62.18,0.2
111,AER3,R1,Rep4,sand,Makulu_red,G7,6,38.4,0.1,74.4236,-1.12,6.14,0.9314,13.99,17.79,11.1,0.12,-3.4428,154.8582,27.43,0.56,60.19,0.07
112,AER3,R1,Rep4,sand,Tumbe,G12,7,41,0.06,70.6567,0.12,7.04,1.1329,12.17,15.43,14.24,0.07,-4.2096,-180.6518,16.5,0.57,60.58,0.05
113,AER3,R1,Rep4,sand,Murambatsvina,G9,7,42,0.16,77.7205,-1.75,7.11,1.3507,17.66,22.27,14.22,0.18,-3.7182,471.8234,35,0.57,61.6,0.1
114,AER3,R1,Rep4,sand,Munzungu_munemari,G8,7,45.6,0.1,83.7952,-2.46,9.57,1.4391,25.37,30.48,30.09,0.14,-4.8327,1310.7994,41.87,0.54,59.77,0.18
115,AER3,R1,Rep4,sand,Chizambia,G3,7,53,0.07,85.45,-2.06,9.71,1.6212,24.13,29.33,26.44,0.1,-4.6763,1139.7491,40.11,0.55,61.2,0.17
116,AER3,R1,Rep4,sand,Chigunwe,G2,7,56.4,0.18,75.5028,-2.96,4.28,5.3764,15.64,20.09,8.44,0.2,-2.9837,332.2797,38.57,0.56,60.57,0.08
117,AER3,R1,Rep4,sand,Bobwhite,G1,7,56.8,0.04,87.4043,-0.35,13.28,6.6034,26.84,31.17,55.1,0.1,-6.3394,1392.2564,38.2,0.52,57.89,0.21
118,AER3,R1,Rep4,sand,Guinea_fowl,G4,7,57,0.06,72.2501,0.34,7.35,7.2322,12.14,15.35,9.75,0.06,-4.4273,-222.3898,15.37,0.58,60.69,0.05
119,AER3,R1,Rep4,sand,Muromo_wehoto,G10,8,63.1,0.08,72.3583,-0.68,6.1,7.2322,12.67,16.13,11.49,0.09,-3.5885,-0.7965,22.15,0.56,59.83,0.05
120,AER3,R1,Rep4,sand,Kabhutsu,G5,8,69,0.15,83.9222,-1.81,5.9,7.3443,15.6,19.67,10.04,0.17,-4.2553,166.9578,33.81,0.55,58.83,0.08
121,AER3,R1,Rep5,sand,Kasawaya,G6,6,32.5,0.16,73.6871,-2.06,5.14,0.3838,14.72,18.84,6.78,0.17,-2.6407,391.5372,33.07,0.56,60.35,0.07
122,AER3,R1,Rep5,sand,Natal_common,G11,6,38,0.09,85.5597,4.68,19.87,0.6379,24.82,27.66,31.12,0.13,-10.634,567.127,28.54,0.5,55.13,0.21
123,AER3,R1,Rep5,sand,Makulu_red,G7,6,39,0.24,65.7403,-2.24,5.52,0.9314,16.2,20.3,5.78,0.26,-2.4145,618.3734,36.82,0.53,57.42,0.09
124,AER3,R1,Rep5,sand,Tumbe,G12,7,41.8,0.12,83.5613,2.89,16,1.0313,22.59,25.6,23.49,0.15,-8.8857,640.2092,29.9,0.49,53.79,0.19
125,AER3,R1,Rep5,sand,Murambatsvina,G9,7,43,0.11,79.9416,1.14,12.22,1.1232,19.73,23.4,18.38,0.14,-6.4845,564.0577,30.12,0.52,56.53,0.14
126,AER3,R1,Rep5,sand,Munzungu_munemari,G8,7,46,0.13,78.2455,0.53,11.71,1.28,20.5,24.44,20.63,0.16,-6.4837,619.9692,32.16,0.52,57.28,0.14
127,AER3,R1,Rep5,sand,Chizambia,G3,7,53.5,0.12,84.0032,1.93,13.67,1.3507,20.28,23.81,17.59,0.14,-7.8359,384.3908,28.96,0.52,56.42,0.15
128,AER3,R1,Rep5,sand,Chigunwe,G2,7,57,0.14,71.0376,0.61,8.99,1.4761,14.67,18.08,4.63,0.15,-4.6663,69.2113,23.38,0.54,58.16,0.08
129,AER3,R1,Rep5,sand,Bobwhite,G1,7,57.9,0.09,93.7948,2.56,14.54,1.7473,19.57,23.43,7.85,0.1,-7.8807,67.0221,25.71,0.56,60.62,0.13
130,AER3,R1,Rep5,sand,Guinea_fowl,G4,7,58,0.04,91.4131,5.74,25.29,1.9472,33.38,35.42,49.31,0.09,-12.2244,1392.8857,32.73,0.49,55.88,0.31
131,AER3,R1,Rep5,sand,Muromo_wehoto,G10,7,63.8,0.08,72.3583,-0.68,6.1,2.0572,12.67,16.13,11.49,0.09,-3.5885,-0.7965,22.15,0.56,59.83,0.05
132,AER3,R1,Rep5,sand,Kabhutsu,G5,7,69.75,0.15,83.9222,-1.81,5.9,2.2738,15.6,19.67,10.04,0.17,-4.2553,166.9578,33.81,0.55,58.83,0.08
133,AER3,R1,Rep6,sand,Kasawaya,G6,6,33,0.07,85.45,-2.06,9.71,0.587,24.13,29.33,26.44,0.1,-4.6763,1139.7491,40.11,0.55,61.2,0.17
134,AER3,R1,Rep6,sand,Natal_common,G11,6,38.7,0.09,85.5597,4.68,19.87,0.9314,24.82,27.66,31.12,0.13,-10.634,567.127,28.54,0.5,55.13,0.21
135,AER3,R1,Rep6,sand,Makulu_red,G7,6,39.4,0.24,65.7403,-2.24,5.52,1.0313,16.2,20.3,5.78,0.26,-2.4145,618.3734,36.82,0.53,57.42,0.09
136,AER3,R1,Rep6,sand,Tumbe,G12,7,42.1,0.12,83.5613,2.89,16,1.3507,22.59,25.6,23.49,0.15,-8.8857,640.2092,29.9,0.49,53.79,0.19
137,AER3,R1,Rep6,sand,Murambatsvina,G9,7,43.5,0.11,79.9416,1.14,12.22,1.4391,19.73,23.4,18.38,0.14,-6.4845,564.0577,30.12,0.52,56.53,0.14
138,AER3,R1,Rep6,sand,Munzungu_munemari,G8,7,46.9,0.13,78.2455,0.53,11.71,1.4761,20.5,24.44,20.63,0.16,-6.4837,619.9692,32.16,0.52,57.28,0.14
139,AER3,R1,Rep6,sand,Chizambia,G3,7,53.5,0.07,85.45,-2.06,9.71,1.7473,24.13,29.33,26.44,0.1,-4.6763,1139.7491,40.11,0.55,61.2,0.17
140,AER3,R1,Rep6,sand,Chigunwe,G2,7,58,0.18,75.5028,-2.96,4.28,1.9472,15.64,20.09,8.44,0.2,-2.9837,332.2797,38.57,0.56,60.57,0.08
141,AER3,R1,Rep6,sand,Bobwhite,G1,7,59,0.04,87.4043,-0.35,13.28,2.2738,26.84,31.17,55.1,0.1,-6.3394,1392.2564,38.2,0.52,57.89,0.21
142,AER3,R1,Rep6,sand,Guinea_fowl,G4,7,59.1,0.06,72.2501,0.34,7.35,5.3764,12.14,15.35,9.75,0.06,-4.4273,-222.3898,15.37,0.58,60.69,0.05
143,AER3,R1,Rep6,sand,Muromo_wehoto,G10,8,64,0.08,72.3583,-0.68,6.1,7.2322,12.67,16.13,11.49,0.09,-3.5885,-0.7965,22.15,0.56,59.83,0.05
144,AER3,R1,Rep6,sand,Kabhutsu,G5,8,70,0.15,83.9222,-1.81,5.9,7.2322,15.6,19.67,10.04,0.17,-4.2553,166.9578,33.81,0.55,58.83,0.08
145,AER3,R2,Rep4,sand,Kasawaya,G6,6,33.6,0.2,35.4701,-5.18,3.09,2.3303,21.15,24.53,42.83,0.35,1.6461,898.5585,52.56,0.41,46.52,0.18
146,AER3,R2,Rep4,sand,Natal_common,G11,6,39,0.29,47.4012,-8.12,-2.71,2.9077,16.71,22.55,14.69,0.34,1.0939,1047.4754,74.59,0.58,63.03,0.07
147,AER3,R2,Rep4,sand,Makulu_red,G7,7,40,0.27,50.4971,-7.94,0.04,4.4576,22.14,28.44,28.18,0.38,-0.2949,1619.4455,61.72,0.55,61.47,0.13
148,AER3,R2,Rep4,sand,Tumbe,G12,7,42.8,0.17,70.6743,-4.51,5.36,5.3652,23.03,28.17,39.64,0.28,-3.791,1464.1998,47.6,0.52,57.8,0.16
149,AER3,R2,Rep4,sand,Murambatsvina,G9,7,44,0.31,25.8162,-11.38,-3.22,6.4247,26.5,32.94,42.73,0.55,4.4399,1803.1521,70.54,0.49,57.16,0.19
150,AER3,R2,Rep4,sand,Munzungu_munemari,G8,7,47.2,0.37,36.7033,-8.09,-3.78,6.577,14.41,19.51,8.2,0.4,0.6427,659.3422,84.67,0.54,58.94,0.05
151,AER3,R2,Rep4,sand,Chizambia,G3,7,54,0.29,51.0025,-8.57,-1.33,6.6675,21.39,26.83,30.79,0.42,0.0151,2172.9229,66.61,0.48,54.92,0.14
152,AER3,R2,Rep4,sand,Chigunwe,G2,7,58.9,0.34,18.1902,-6.85,0.5,6.7207,20.37,24.39,30.19,0.48,5.2894,1025.5212,60.35,0.42,48.26,0.16
153,AER3,R2,Rep4,sand,Bobwhite,G1,7,59.6,0.39,33.8966,-11.01,-5.47,8.0272,19.78,26.43,13.97,0.46,2.986,1735.9322,82.33,0.55,61.35,0.1
154,AER3,R2,Rep4,sand,Guinea_fowl,G4,7,59.85,0.35,66.3771,-7.22,-1.65,9.452,16.34,21.1,7.75,0.37,-1.1029,701.7126,69.43,0.49,54.52,0.09
155,AER3,R2,Rep4,sand,Muromo_wehoto,G10,8,64.85,0.37,47.0931,-7.86,-2.19,12.7645,17.08,22.58,7.93,0.4,0.3137,1070.2547,71.47,0.54,59.43,0.08
156,AER3,R2,Rep4,sand,Kabhutsu,G5,8,71,0.11,89.7581,0.58,12.45,14.3653,22.85,25.95,34.58,0.16,-7.887,990.6625,35.27,0.46,51.5,0.19
157,AER3,R2,Rep5,sand,Kasawaya,G6,6,34.5,0.51,36.4476,-10.89,-6.29,1.2759,17.58,23.74,7.6,0.55,4.09,1666.8799,89.44,0.54,59.62,0.08
158,AER3,R2,Rep5,sand,Natal_common,G11,6,39.5,0.22,45.944,-5.08,4.94,1.3354,24.48,29.04,44.87,0.4,-1.7008,1917.1549,50.07,0.47,53.54,0.19
159,AER3,R2,Rep5,sand,Makulu_red,G7,7,41,0.7,13.3996,-16.06,-13.17,2.504,18.46,25.8,3.2,0.72,8.7063,2513.3058,112.45,0.53,60.48,0.07
160,AER3,R2,Rep5,sand,Tumbe,G12,7,43,0.13,70.1573,-3.2,8.39,3.0309,27.4,30.05,54.23,0.29,-6.1264,2112.141,46.3,0.41,47.46,0.27
161,AER3,R2,Rep5,sand,Murambatsvina,G9,7,44.6,0.33,36.6011,-5.7,2.37,4.9115,21.2,24.66,24.75,0.43,3.0782,1306.2227,54.7,0.4,46.43,0.18
162,AER3,R2,Rep5,sand,Munzungu_munemari,G8,7,48,0.21,67.6688,-3.15,7.47,5.3272,24.8,27.73,41.32,0.36,-5.3868,1793.7505,45.77,0.41,47.44,0.23
163,AER3,R2,Rep5,sand,Chizambia,G3,7,54.8,0.2,32.492,-8.49,3.31,8.9571,34.13,37.5,61.92,0.51,-0.0416,3927.4887,57.51,0.41,50.33,0.34
164,AER3,R2,Rep5,sand,Chigunwe,G2,7,59,0.4,44.2789,-5.96,-1.5,9.3042,12.87,17.11,5.81,0.42,-0.1707,445.3864,70.47,0.52,56.5,0.05
165,AER3,R2,Rep5,sand,Bobwhite,G1,7,61,0.1,78.1536,-1.71,14.46,10.7534,33.92,38.92,62.59,0.26,-7.2786,1894.5508,42.52,0.54,61.66,0.27
166,AER3,R2,Rep5,sand,Guinea_fowl,G4,7,61.8,0.19,88.0661,-1.77,12.34,11.3929,30.29,34.2,35.14,0.3,-8.5535,1501.4071,42.62,0.48,55.37,0.26
167,AER3,R2,Rep5,sand,Muromo_wehoto,G10,7,65,0.17,76.5866,-2.84,10.88,13.07,30.53,34.81,45.38,0.31,-7.0219,1854.6964,44.62,0.49,56.13,0.26
168,AER3,R2,Rep5,sand,Kabhutsu,G5,7,71.8,0.16,82.5465,-0.54,7.21,17.619,14.45,18.13,9.16,0.17,-5.1308,-113.7233,26.67,0.55,59.02,0.07
169,AER3,R2,Rep6,sand,Kasawaya,G6,6,35,0.04,91.1872,2.67,20.77,4.1117,34.1,36.8,76.37,0.16,-10.8907,1578.2947,36.92,0.49,56.23,0.31
170,AER3,R2,Rep6,sand,Natal_common,G11,6,40,0.12,36.1713,-2.29,13.05,4.4072,34.5,37.74,63.65,0.33,-1.5086,2325.1562,44.7,0.46,54.53,0.32
171,AER3,R2,Rep6,sand,Makulu_red,G7,7,41.6,0.05,83.1763,2.15,20.01,4.8885,34.47,37.06,74.48,0.2,-10.4211,1797.9905,37.88,0.48,55.61,0.32
172,AER3,R2,Rep6,sand,Tumbe,G12,7,43.8,0.21,31.7344,-2.74,10.07,5.5311,31.37,32.2,48.64,0.41,2.2073,1939.8157,46.64,0.36,44.08,0.36
173,AER3,R2,Rep6,sand,Murambatsvina,G9,7,44.8,0.1,50.4911,-6.16,9.1,6.234,38.82,43.22,74.83,0.4,-3.64,3618.5038,51.06,0.49,58.37,0.35
174,AER3,R2,Rep6,sand,Munzungu_munemari,G8,7,48.5,0.07,89.2944,2.04,19.03,6.6356,33.29,35.32,69.18,0.21,-11.1412,1748.7233,37.98,0.45,52.72,0.32
175,AER3,R2,Rep6,sand,Chizambia,G3,7,55,0.07,85.4901,2.37,20.32,7.1,34.43,36.94,70.03,0.22,-10.9438,1738.0564,37.58,0.48,55.47,0.32
176,AER3,R2,Rep6,sand,Chigunwe,G2,7,59.6,0.1,38.8934,0.11,15.79,9.3083,33.02,35.14,63.11,0.27,-3.0089,1996.7998,40.98,0.44,51.44,0.33
177,AER3,R2,Rep6,sand,Bobwhite,G1,7,61.5,0.03,91.1462,4.4,24.09,14.2853,35.72,37.72,77.36,0.15,-12.1468,1607.678,35.48,0.49,56.03,0.34
178,AER3,R2,Rep6,sand,Guinea_fowl,G4,8,62,0.13,84.3355,0.4,16.7,15.8973,34.16,36.1,54.49,0.28,-10.6573,1940.4156,40.86,0.44,51.78,0.34
179,AER3,R2,Rep6,sand,Muromo_wehoto,G10,8,65.8,0.05,42.811,2.27,19.83,16.4302,35.3,36.28,78.98,0.26,-5.3547,1914.7331,38.82,0.43,50.72,0.37
180,AER3,R2,Rep6,sand,Kabhutsu,G5,8,72,0.02,88.9301,5.85,26.84,18.6892,35.96,38.21,84.79,0.12,-12.1538,1585.1758,33.55,0.51,58.32,0.32
181,AER3,R3,Rep4,sand,Kasawaya,G6,6,35.6,0.17,31.7244,-2.51,3.3,0.9476,12.45,16.23,20.96,0.21,-1.9114,186.3621,31.56,0.56,60.08,0.05
182,AER3,R3,Rep4,sand,Natal_common,G11,7,40.5,0.13,55.0731,-1.52,6.33,1.5612,15.58,19.61,33.53,0.2,-3.2783,435.733,32.54,0.55,59,0.08
183,AER3,R3,Rep4,sand,Makulu_red,G7,7,42,0.27,11.226,-3.42,2.4,1.7914,13.28,17.41,13.3,0.31,-1.1238,504.5745,39.48,0.56,60.44,0.05
184,AER3,R3,Rep4,sand,Tumbe,G12,7,44,0.19,40.8278,-4.21,0.99,2.4651,12.76,16.93,9.33,0.21,-0.8704,378.9593,46.52,0.56,60.17,0.05
185,AER3,R3,Rep4,sand,Murambatsvina,G9,7,45,0.18,23.8543,-2.79,2.77,2.5984,12.21,15.96,27.58,0.24,-1.5726,231.4426,33.33,0.56,59.5,0.04
186,AER3,R3,Rep4,sand,Munzungu_munemari,G8,7,49,0.26,26.3421,-3.25,2.47,2.8899,12.92,16.95,20.99,0.33,-1.7296,252.7285,37.77,0.56,60.38,0.05
187,AER3,R3,Rep4,sand,Chizambia,G3,7,55.5,0.2,45.2949,-2.41,3.07,3.2541,11.79,15.32,11.97,0.23,-2.485,28.4339,30.23,0.55,58.46,0.04
188,AER3,R3,Rep4,sand,Chigunwe,G2,7,60,0.24,34.8441,-2.94,2.83,3.4217,12.86,16.57,18.39,0.3,-1.9551,298.5922,37.24,0.53,57.01,0.06
189,AER3,R3,Rep4,sand,Bobwhite,G1,8,62,0.16,42.5028,-2.44,3.22,3.8341,12.25,15.69,21.33,0.2,-2.0341,203.6448,33.15,0.52,55.92,0.05
190,AER3,R3,Rep4,sand,Guinea_fowl,G4,8,62.8,0.03,68.7274,0.73,17.18,3.8518,30.3,35.91,89.59,0.24,-7.1873,1223.2032,36.43,0.6,66.55,0.21
191,AER3,R3,Rep4,sand,Muromo_wehoto,G10,8,65.9,0.21,46.2312,-3.41,1.99,4.2374,12.48,16.35,10.82,0.23,-1.2889,319.1283,39.4,0.55,58.83,0.05
192,AER3,R3,Rep4,sand,Kabhutsu,G5,8,72.8,0.09,73.3563,-2.9,2.44,11.6659,11.82,15.66,7.05,0.1,-1.8868,99.2564,31.74,0.58,61.8,0.04
193,AER3,R3,Rep5,sand,Kasawaya,G6,6,36,0.03,27.2307,-8.92,5.47,1.5523,35.83,46.6,93.64,0.42,-1.9268,2916.9283,53.6,0.77,84.18,0.19
194,AER3,R3,Rep5,sand,Natal_common,G11,7,41,0.03,74.1157,0.32,12.63,1.9581,22.83,27.24,79.8,0.15,-6.3543,719.5416,34.06,0.54,59.53,0.16
195,AER3,R3,Rep5,sand,Makulu_red,G7,7,43,0.29,13.289,-3.93,2.19,3.3448,14.33,18.73,13.97,0.34,-0.8998,690.1091,43.97,0.56,60.2,0.06
196,AER3,R3,Rep5,sand,Tumbe,G12,7,44.5,0.01,75.4409,-1.32,13.11,4.0915,29.31,34.37,92.86,0.14,-6.1343,1502.482,40.52,0.54,61.01,0.22
197,AER3,R3,Rep5,sand,Murambatsvina,G9,7,45.8,0.01,72.2266,-1.47,12.42,4.1321,28.79,33.32,91.34,0.13,-5.8257,1618.4817,41.13,0.51,58.04,0.23
198,AER3,R3,Rep5,sand,Munzungu_munemari,G8,7,49.7,0.01,35.2623,-5.89,9.13,6.8598,33.33,43.17,97.48,0.23,-3.156,2259.2499,47.13,0.77,83.57,0.17
199,AER3,R3,Rep5,sand,Chizambia,G3,7,56,0,56.1583,-2.92,14.02,12.6279,34.28,42.75,97.96,0.12,-4.8282,2055.0626,42.24,0.72,78.4,0.2
200,AER3,R3,Rep5,sand,Chigunwe,G2,8,61,0.49,32.8938,-9.9,-1.79,15.2144,24.31,31.8,22.65,0.63,1.3847,2152.0879,67.25,0.59,66.09,0.14
201,AER3,R3,Rep5,sand,Bobwhite,G1,8,62.8,0.01,87.719,1.59,19.89,17.274,31.48,38.61,88.51,0.07,-7.1007,1206.0223,34.02,0.72,77.01,0.19
202,AER3,R3,Rep5,sand,Guinea_fowl,G4,8,63,0.03,96.1233,2.97,15.44,33.7213,19.92,23.9,60.22,0.08,-8.0376,5.3506,24.95,0.58,62.1,0.13
203,AER3,R3,Rep5,sand,Muromo_wehoto,G10,8,66,0.12,85.7235,0.12,11.28,40.3469,20.6,24.96,44.16,0.21,-6.6727,308.8487,32.67,0.55,59.89,0.14
204,AER3,R3,Rep5,sand,Kabhutsu,G5,8,73,0.13,76.1072,-3.74,1.5,49.5052,12.37,16.54,5.6,0.13,-1.4295,201.6591,40.18,0.59,62.52,0.04
205,AER3,R3,Rep6,sand,Kasawaya,G6,6,36.5,0.03,27.2307,-8.92,5.47,1.7557,35.83,46.6,93.64,0.42,-1.9268,2916.9283,53.6,0.77,84.18,0.19
206,AER3,R3,Rep6,sand,Natal_common,G11,7,41.8,0.04,71.0695,-0.48,11.44,1.9435,23.02,27.47,78.58,0.17,-5.8365,857.845,36.24,0.53,58.6,0.17
207,AER3,R3,Rep6,sand,Makulu_red,G7,7,43.5,0.27,13.2949,-3.37,2.85,2.8181,14.02,18.27,14.94,0.32,-1.3272,570.878,39.74,0.56,60.35,0.06
208,AER3,R3,Rep6,sand,Tumbe,G12,7,45,0.01,74.7595,-1.59,12.76,3.4441,29.57,34.59,94.37,0.14,-6.0241,1559.1925,41.22,0.54,60.6,0.23
209,AER3,R3,Rep6,sand,Murambatsvina,G9,7,46,0.01,69.967,-2.05,11.64,4.0915,29.12,33.66,92.98,0.14,-5.4957,1707.8152,42.46,0.51,57.58,0.24
210,AER3,R3,Rep6,sand,Munzungu_munemari,G8,7,50,0.01,33.6962,-6.34,8.72,4.7311,34.19,43.95,96.95,0.25,-2.9725,2423.4055,48.33,0.75,81.93,0.19
211,AER3,R3,Rep6,sand,Chizambia,G3,7,56.8,0.25,44.6338,-3.37,1.94,13.3959,12.32,16.03,13.3,0.28,-1.9168,197.3168,39.9,0.53,57.07,0.05
212,AER3,R3,Rep6,sand,Chigunwe,G2,8,61.5,0.49,32.8938,-9.9,-1.79,13.7913,24.31,31.8,22.65,0.63,1.3847,2152.0879,67.25,0.59,66.09,0.14
213,AER3,R3,Rep6,sand,Bobwhite,G1,8,63,0.01,77.2205,-0.17,17.34,16.2203,32.51,39.66,93.65,0.11,-6.2617,1565.7124,37.66,0.68,74.29,0.2
214,AER3,R3,Rep6,sand,Guinea_fowl,G4,8,63.8,0.05,93.2325,1.48,13.05,18.3897,19.9,23.98,60.5,0.13,-7.2873,132.3197,28.55,0.56,60.4,0.13
215,AER3,R3,Rep6,sand,Muromo_wehoto,G10,8,66.8,0.13,84.5368,-0.64,10.14,40.3469,20.79,25.1,43.6,0.23,-6.429,416.0064,35.16,0.53,58.19,0.14
216,AER3,R3,Rep6,sand,Kabhutsu,G5,8,73.5,0.14,77.757,-4.15,1.12,48.414,12.8,17.18,5.47,0.15,-1.2229,261.7923,44.42,0.59,63.19,0.04
1,AER4,R1,Rep1,red,Kasawaya,G6,4,14.88,0.6,40,-4.84,2.46,1.09,27.6,22.65,33.26,0.26,-3.45,0,49.34,0.55,60.06,0.09
2,AER4,R1,Rep1,red,Natal_common,G11,4,18.14,0.2,61.88,-2.93,8.41,2.76,24.55,29.49,29.56,0.28,-3.85,1628.36,43.06,0.52,58.28,0.18
3,AER4,R1,Rep1,red,Makulu_red,G7,4,19.06,0.68,40,-9.85,2.23,2.87,27.3,36.3,24.5,0.49,2.25,0,50.21,0.52,57.48,0.1
4,AER4,R1,Rep1,red,Tumbe,G12,4,19.94,0.11,68.81,-2.67,12.69,5.09,34.44,38.36,48.15,0.21,-5.35,2814.95,44.97,0.49,56.69,0.31
5,AER4,R1,Rep1,red,Murambatsvina,G9,5,21.63,0.33,36.39,-8.46,-1.69,6.36,20.05,25.97,16.35,0.39,2.8,2308.69,68.05,0.53,59.16,0.11
6,AER4,R1,Rep1,red,Munzungu_munemari,G8,5,25.48,0.28,52.22,-6.74,0.61,6.45,19.6,25.2,11.09,0.32,0.71,1677.11,58.7,0.54,59.65,0.11
7,AER4,R1,Rep1,red,Chizambia,G3,5,30.09,0.28,44.39,-4.91,2.59,7.93,18.21,23.14,18.88,0.31,0.62,1304.52,49.94,0.53,58.11,0.11
8,AER4,R1,Rep1,red,Chigunwe,G2,6,30.56,0.32,43.22,-7.64,2.73,8.46,29.59,35.23,28.74,0.45,2.24,2091.79,64.25,0.53,58.49,0.11
9,AER4,R1,Rep1,red,Bobwhite,G1,6,33.58,0.38,79.87,-8.7,18.49,9.68,23.62,39.17,45.03,0.44,7.52,1838.91,38.01,0.6,66.51,0.25
10,AER4,R1,Rep1,red,Guinea_fowl,G4,6,36.2,0.57,52.49,-16.36,-8.12,10,20.82,26.04,50.3,0.52,8.21,2020.43,55.91,0.51,56.55,0.14
11,AER4,R1,Rep1,red,Muromo_wehoto,G10,6,40.32,0.23,48.18,-8.93,4.27,35.22,37.21,42.16,42.2,0.4,-1.05,3944.62,56.63,0.48,57.24,0.33
12,AER4,R1,Rep1,red,Kabhutsu,G5,7,52.96,0.2,77.34,-0.06,9.37,55,18.21,21.3,6.51,0.21,-5.31,706.48,33.17,0.46,50.9,0.14
13,AER4,R1,Rep2,red,Kasawaya,G6,4,15.2,0.65,43.48,-7.61,3.12,0,28.55,24.43,32.94,0.28,-3.1,2862.88,55.9,0.51,58.44,0.21
14,AER4,R1,Rep2,red,Natal_common,G11,4,19.3,0.34,0,-9.53,-0.68,0,26.04,32.4,25.57,0.45,0,0,64.32,0.51,58.75,0.18
15,AER4,R1,Rep2,red,Makulu_red,G7,4,19.8,0.65,33.78,-10.86,2.23,1.09,29.55,36.11,25.48,0.45,2.33,3376.9,65.48,0.5,58.76,0.22
16,AER4,R1,Rep2,red,Tumbe,G12,4,20,0.23,51.04,-4.69,3.89,2.21,20.18,25.47,45.3,0.3,-0.99,1526.08,48.02,0.54,59.87,0.12
17,AER4,R1,Rep2,red,Murambatsvina,G9,5,21.8,0.25,48.47,-5.53,2.88,5.89,20.74,26.15,25.9,0.33,-0.43,1743.89,51.68,0.53,59.15,0.13
18,AER4,R1,Rep2,red,Munzungu_munemari,G8,5,25.8,0.26,46.98,-5.57,2.51,6.82,20.13,25.31,23.05,0.34,0.26,1738.41,52.44,0.52,57.69,0.13
19,AER4,R1,Rep2,red,Chizambia,G3,6,30.9,0.29,45.67,-5.8,3.41,7.02,18.36,23.69,16.11,0.34,0.32,1430.93,54.46,0.55,60.01,0.1
20,AER4,R1,Rep2,red,Chigunwe,G2,6,31.5,0.34,43.95,-8.14,2.24,8,25.97,31.76,21.07,0.43,2.84,2589.44,59.33,0.5,57.06,0.19
21,AER4,R1,Rep2,red,Bobwhite,G1,6,33.8,0.31,78.27,-8.73,-16.78,9.05,22.99,42.22,48.09,0.44,8.1,2458.37,64.54,0.53,59.47,0.14
22,AER4,R1,Rep2,red,Guinea_fowl,G4,6,36.8,0.51,50.16,-15.1,-8.12,9.27,27.42,25.32,55.2,0.51,6.99,3871.89,81.2,0.53,61.14,0.17
23,AER4,R1,Rep2,red,Muromo_wehoto,G10,6,40.35,0.25,0,-5.94,2.33,38.42,20.96,26.2,23.96,0.33,0,0,53.76,0.51,57.18,0.14
24,AER4,R1,Rep2,red,Kabhutsu,G5,7,53,0.2,77.34,-0.06,9.37,58,18.21,21.3,6.51,0.21,-5.31,706.48,33.17,0.46,50.9,0.14
25,AER4,R1,Rep3,red,Kasawaya,G6,4,15.6,0.58,42.3,-6.9,5.05,1.09,21.26,26.27,34.61,0.26,-3.07,1207.69,41.65,0.54,59.75,0.14
26,AER4,R1,Rep3,red,Natal_common,G11,4,19.8,0.12,69.89,3.2,23.58,2.78,39.2,40.99,28,0.23,-10.27,2276.38,38.22,0.48,56.77,0.37
27,AER4,R1,Rep3,red,Makulu_red,G7,4,20,0.66,45.88,-9.76,2.82,4.15,21.19,36.98,25.3,0.4,2.5,1499.9,51.99,0.56,61.43,0.13
28,AER4,R1,Rep3,red,Tumbe,G12,4,20.3,0.21,69.5,-2.64,13.38,4.5,36.24,39.86,44.38,0.29,-5.91,2595.56,45.29,0.48,56.65,0.33
29,AER4,R1,Rep3,red,Murambatsvina,G9,5,22,0.21,53.15,-4.57,11.37,6.65,38.34,42.55,38.83,0.35,-4,3295.81,48.38,0.49,58.53,0.34
30,AER4,R1,Rep3,red,Munzungu_munemari,G8,5,26,0.24,70.9,-2.79,12.02,7.05,34.27,37.17,27.04,0.33,-6.65,2394.8,45.76,0.45,52.77,0.33
31,AER4,R1,Rep3,red,Chizambia,G3,6,31,0.32,54.84,-4.26,5.35,7.05,22.16,27.23,14.38,0.35,0.39,1271.58,46.75,0.52,57.85,0.15
32,AER4,R1,Rep3,red,Chigunwe,G2,6,32,0.37,42.3,-9.11,3.08,8.8,24.37,39.99,27.4,0.44,2.3,0,57.75,0.49,57.99,0.29
33,AER4,R1,Rep3,red,Bobwhite,G1,6,34,0.34,79,-7.79,14.97,9.23,23.59,41.42,46.65,0.43,9,0,48.64,0.55,61.53,0.15
34,AER4,R1,Rep3,red,Guinea_fowl,G4,6,37,0.52,59.53,-12.22,-9.34,11.71,21.66,26.49,56,0.55,7.21,911.46,36.76,0.56,60.77,0.14
35,AER4,R1,Rep3,red,Muromo_wehoto,G10,7,41,0.38,52.4,-6.7,3.09,40,25.15,30.95,11.07,0.42,-0.81,2115.19,54.35,0.52,58.83,0.18
36,AER4,R1,Rep3,red,Kabhutsu,G5,7,53.8,0.2,77.34,-0.06,9.37,60,18.21,21.3,6.51,0.21,-5.31,706.48,33.17,0.46,50.9,0.14
37,AER4,R1,Rep4,sand,Kasawaya,G6,4,20.1,0.2,61.592,-3.65,4.69,2.9241,18.45,23.65,16.03,0.24,-2.0278,999.2077,42.75,0.58,62.69,0.1
38,AER4,R1,Rep4,sand,Natal_common,G11,5,23.5,0.17,68.7095,-1.57,9.54,3.2749,22.53,27.12,20.87,0.22,-4.1132,1245.3506,38.72,0.53,58.19,0.16
39,AER4,R1,Rep4,sand,Makulu_red,G7,5,23.5,0.31,50.5016,-8.86,-1.13,3.3641,22.51,29.06,14.54,0.36,1.4855,2163.4165,65.6,0.55,61.75,0.13
40,AER4,R1,Rep4,sand,Tumbe,G12,5,24.5,0.31,55.7905,-7.66,-0.1,3.4846,20.85,27.13,11.47,0.35,0.6855,1681.2111,61.79,0.57,62.67,0.11
41,AER4,R1,Rep4,sand,Murambatsvina,G9,5,25,0.24,56.8228,-3.98,4.48,3.9037,19.14,24.26,11.71,0.28,-1.5237,1264.426,44.9,0.55,60.6,0.11
42,AER4,R1,Rep4,sand,Munzungu_munemari,G8,5,29,0.23,55.9789,-3.78,3.74,4.0762,16.98,21.86,11.42,0.26,-1.366,931.5537,43.45,0.57,61.22,0.09
43,AER4,R1,Rep4,sand,Chizambia,G3,6,34,0.18,71.0361,-1.09,9.53,4.4686,20.93,25.36,16.79,0.22,-4.3802,947.0182,36.48,0.53,58.34,0.14
44,AER4,R1,Rep4,sand,Chigunwe,G2,6,35,0.25,64.1227,-4.13,4.71,4.5152,20.09,25.39,13.78,0.29,-1.9263,1130.089,45.46,0.56,60.95,0.12
45,AER4,R1,Rep4,sand,Bobwhite,G1,6,37.8,0.22,56.8029,-4.02,4.1,4.5236,18.43,23.56,13.64,0.26,-1.6566,1147.6131,44.81,0.56,61.26,0.1
46,AER4,R1,Rep4,sand,Guinea_fowl,G4,6,40,0.1,80.9082,2.45,14.87,5.0934,20.59,24.54,18.93,0.12,-7.0672,403.6636,27.19,0.56,60.44,0.14
47,AER4,R1,Rep4,sand,Muromo_wehoto,G10,7,44,0.21,63.7397,-3.89,4.95,5.3343,19.86,25.05,18.29,0.26,-1.954,1135.0568,44.51,0.55,60.66,0.12
48,AER4,R1,Rep4,sand,Kabhutsu,G5,7,56.8,0.25,54.1249,-5.08,3.57,7.8265,20.65,26.19,21.39,0.32,-1.1399,1456.0816,49.28,0.55,60.98,0.12
49,AER4,R1,Rep5,sand,Kasawaya,G6,5,20.5,0.19,73.0441,-2.36,7.97,1.3582,21.53,26.41,21.05,0.24,-3.9527,1012.0985,40.17,0.54,59.5,0.14
50,AER4,R1,Rep5,sand,Natal_common,G11,5,24,0.29,60.4137,-6.34,1.98,1.3989,21.15,27.19,11.73,0.33,-0.6078,1466.0703,54.47,0.57,62.63,0.12
51,AER4,R1,Rep5,sand,Makulu_red,G7,5,24.5,0.24,58.4703,-4.91,6.91,1.5904,27.7,33.4,32.81,0.35,-2.968,1959.9494,48.22,0.53,60.28,0.2
52,AER4,R1,Rep5,sand,Tumbe,G12,5,24.8,0.23,72.3451,-4.02,4.87,1.7228,20.2,25.3,11.19,0.25,-2.2507,1076.3675,45.38,0.54,59.41,0.13
53,AER4,R1,Rep5,sand,Murambatsvina,G9,5,25.4,0.28,60.8136,-5.68,2.59,1.8834,20.61,26.01,14.44,0.32,-0.9194,1453.5188,52.41,0.53,58.91,0.13
54,AER4,R1,Rep5,sand,Munzungu_munemari,G8,5,29.5,0.28,67.8857,-4.8,3.98,1.9485,20.76,26.02,8.38,0.3,-1.8819,1220.3499,48.53,0.54,59.16,0.13
55,AER4,R1,Rep5,sand,Chizambia,G3,6,34.5,0.29,68.6624,-4.95,3.29,2.9728,19.76,24.99,8.17,0.32,-1.7054,1093.0376,49.4,0.54,59.28,0.12
56,AER4,R1,Rep5,sand,Chigunwe,G2,6,35.4,0.37,56.2827,-8.79,-1.02,3.0296,22.53,29.07,7.14,0.4,1.1619,1879.6742,65.14,0.55,61.76,0.13
57,AER4,R1,Rep5,sand,Bobwhite,G1,6,38,0.19,71.7532,-2.57,7.68,3.3891,21.48,26.54,16.64,0.23,-3.6443,1061.5247,40.53,0.55,60.54,0.14
58,AER4,R1,Rep5,sand,Guinea_fowl,G4,7,40.5,0.16,80.648,-1.19,8.72,3.4021,19.47,23.87,11.1,0.18,-4.5561,650.7972,35.49,0.54,58.85,0.13
59,AER4,R1,Rep5,sand,Muromo_wehoto,G10,7,44.6,0.34,59.1179,-7.94,-0.08,5.4648,22.02,27.91,8.79,0.37,0.7474,1829.0187,62.26,0.52,58.6,0.14
60,AER4,R1,Rep5,sand,Kabhutsu,G5,7,57,0.17,79.1128,-2.26,6.82,6.0431,19.13,23.32,28.97,0.24,-4.564,666.2155,39.53,0.51,55.63,0.13
61,AER4,R1,Rep6,sand,Kasawaya,G6,5,21,0.19,64.6488,-5.33,9.63,4.7231,36.29,41.4,31.43,0.28,-3.5088,2812.2169,49.33,0.51,60.05,0.3
62,AER4,R1,Rep6,sand,Natal_common,G11,5,24.5,0.27,63.7077,-5.55,4.34,4.8517,24.17,29.62,13.39,0.32,-1.4764,1678.0016,50.82,0.52,58.19,0.17
63,AER4,R1,Rep6,sand,Makulu_red,G7,5,25,0.47,34.5797,-13.95,-8.37,4.951,22.79,30.51,11.52,0.53,5.838,2739.3668,87.15,0.56,62.92,0.12
64,AER4,R1,Rep6,sand,Tumbe,G12,5,25.5,0.4,51.0295,-10.66,-4.21,5.0559,21.5,28.13,10,0.44,3.1079,2065.8979,76,0.54,60.4,0.12
65,AER4,R1,Rep6,sand,Murambatsvina,G9,5,26,0.34,54.3497,-9.13,-0.48,5.1305,24.92,31.68,14.47,0.4,1.1227,2167.2441,63.58,0.55,61.86,0.16
66,AER4,R1,Rep6,sand,Munzungu_munemari,G8,5,30,0.38,50.0661,-10.53,-4.14,5.1493,21.24,27.75,11.78,0.43,3.3993,2074.2912,76.07,0.53,59.85,0.12
67,AER4,R1,Rep6,sand,Chizambia,G3,6,35,0.41,47.7294,-10.77,-4.31,5.3468,21.62,28.3,11.6,0.46,3.4862,2121.3389,76.24,0.54,60.47,0.12
68,AER4,R1,Rep6,sand,Chigunwe,G2,6,35.4,0.48,40.3765,-13.44,-7.85,5.4648,22.28,29.44,9.7,0.53,5.6891,2528.8313,86.24,0.53,59.88,0.12
69,AER4,R1,Rep6,sand,Bobwhite,G1,6,38.6,0.33,54.5602,-9.09,-0.85,5.4754,24.01,30.53,14.59,0.39,1.5982,2106.8565,64.74,0.54,60.53,0.15
70,AER4,R1,Rep6,sand,Guinea_fowl,G4,7,41,0.12,71.9794,-2.58,14.12,6.4493,36.92,41.39,38.31,0.2,-5.704,2560.279,44.79,0.52,60.22,0.31
71,AER4,R1,Rep6,sand,Muromo_wehoto,G10,7,44.8,0.34,54.7567,-9.44,-0.7,9.0833,25.7,32.08,16.45,0.41,1.2016,2273.531,64.29,0.52,58.91,0.18
72,AER4,R1,Rep6,sand,Kabhutsu,G5,7,57.9,0.17,79.1128,-2.26,6.82,9.8062,19.13,23.32,28.97,0.24,-4.564,666.2155,39.53,0.51,55.63,0.13
73,AER4,R2,Rep1,red,Kasawaya,G6,4,16.1,0.4,40.5,-11.23,-9.11,1.09,38.05,34.58,45.21,0.21,-2.5,0,68.16,0.5,57.98,0.2
74,AER4,R2,Rep1,red,Natal_common,G11,4,20,0.42,47.68,-9.13,-1.42,2.04,23.13,28.64,9.86,0.47,1.68,2342.03,66.63,0.47,54.43,0.16
75,AER4,R2,Rep1,red,Makulu_red,G7,5,20.5,0.56,58.65,-11.15,-13.12,2.08,25.96,40.5,30.5,0.35,5.3,0,70.51,0.49,56.5,0.18
76,AER4,R2,Rep1,red,Tumbe,G12,5,20.8,0.41,48.21,-9.48,-1.81,3.17,23.21,29.41,8.77,0.45,1.9,2335.92,67.7,0.51,58.22,0.15
77,AER4,R2,Rep1,red,Murambatsvina,G9,5,22.5,0.58,33.33,-14.95,-8.07,3.37,27.12,33.89,12.29,0.66,3.3,2001.89,81.31,0.47,55.42,0.19
78,AER4,R2,Rep1,red,Munzungu_munemari,G8,5,26.8,0.59,37.01,-14.43,-8.41,4.63,24.3,31.37,6.38,0.63,5.93,2926.36,85.06,0.49,57.47,0.15
79,AER4,R2,Rep1,red,Chizambia,G3,6,31.5,0.49,57.64,-9.06,-4.32,5.38,20.68,26.28,18.23,0.53,4.22,1820.82,70.21,0.49,55.57,0.13
80,AER4,R2,Rep1,red,Chigunwe,G2,6,32.4,0.72,44.05,-18.76,-14.11,10.41,35.2,38.33,35.59,0.76,10.39,3981.83,97.49,0.5,58.76,0.15
81,AER4,R2,Rep1,red,Bobwhite,G1,6,34.6,0.28,84.47,-6.55,-12.94,10.6,25.04,48.19,49.32,0.32,11.35,1846.51,64.99,0.53,59.57,0.13
82,AER4,R2,Rep1,red,Guinea_fowl,G4,6,37.3,0.26,56.24,-18.23,-13.3,12.3,22.26,28.5,60.8,0.39,12.75,2263.85,72.58,0.51,57.81,0.14
83,AER4,R2,Rep1,red,Muromo_wehoto,G10,7,41.5,0.42,42.72,-9.48,-0.87,52.26,25.38,31.82,17.31,0.5,1.43,2517.27,64.77,0.52,59.32,0.17
84,AER4,R2,Rep1,red,Kabhutsu,G5,7,54,0.2,77.34,-0.06,9.37,65,18.21,21.3,6.51,0.21,-5.31,706.48,33.17,0.46,50.9,0.14
85,AER4,R2,Rep2,red,Kasawaya,G6,4,16.5,0.3,45.8,-17.63,-11.43,1.72,38.18,36.75,48.65,0.2,-2.6,0,87.5,0.53,62.09,0.17
86,AER4,R2,Rep2,red,Natal_common,G11,5,20.6,0.63,13.89,-17.07,-10.97,2.01,27.29,35.35,8.68,0.69,9.2,4189.63,87.5,0.51,59.92,0.17
87,AER4,R2,Rep2,red,Makulu_red,G7,5,21,0.58,60.21,-17.34,-11.54,2.2,26.85,45.2,35.6,0.3,5.4,0,89.39,0.54,62.94,0.15
88,AER4,R2,Rep2,red,Tumbe,G12,5,21.4,0.48,39.4,-11.28,-3.92,2.55,24.29,31.1,11.58,0.54,3.03,2540.58,73.29,0.52,59.61,0.15
89,AER4,R2,Rep2,red,Murambatsvina,G9,5,23,0.39,34.88,-9.33,-0.26,3.37,26.41,32.66,17.04,0.46,2.46,3033.2,63.29,0.51,58.36,0.19
90,AER4,R2,Rep2,red,Munzungu_munemari,G8,5,27,0.36,51.58,-5.31,2.42,3.51,19.05,24.19,12.92,0.42,-1.25,1173.5,51.56,0.53,58.48,0.11
91,AER4,R2,Rep2,red,Chizambia,G3,6,32,0.4,54.86,-11.82,-6.23,4.12,20.69,27.64,17.04,0.57,4,2230.51,83.67,0.55,61.68,0.11
92,AER4,R2,Rep2,red,Chigunwe,G2,6,32.5,0.76,42.3,-20.1,-15.41,5.22,36.86,35.96,35.91,0.78,10.49,4109.03,97.62,0.53,62.56,0.15
93,AER4,R2,Rep2,red,Bobwhite,G1,6,35.4,0.26,88.56,-6.59,-10.54,10.85,26.63,44.49,48.38,0.36,12.61,3993.64,87.33,0.51,59.38,0.17
94,AER4,R2,Rep2,red,Guinea_fowl,G4,6,38,0.24,58.43,-19.51,-14.77,11,26.2,24.47,65.1,0.38,11.47,4353.88,97.17,0.49,58.62,0.16
95,AER4,R2,Rep2,red,Muromo_wehoto,G10,7,42,0.55,34.77,-13.65,-7.41,52.94,24.03,31.72,6.3,0.59,4.67,2821.3,82.88,0.55,62.36,0.13
96,AER4,R2,Rep2,red,Kabhutsu,G5,7,54.5,0.19,71.71,-1.52,11.81,63,19.07,22.64,8.14,0.2,-5.82,604.04,29.65,0.51,56.03,0.13
97,AER4,R2,Rep3,red,Kasawaya,G6,4,17,0.45,48.6,-15.3,-9.11,1.65,35.6,2,49.71,0.18,-2.5,0,49.53,0.49,58.08,0.31
98,AER4,R2,Rep3,red,Natal_common,G11,5,21,0.1,80.41,1.91,20.11,3.57,35.81,38.12,55.06,0.23,-10.97,1766.54,38.78,0.47,55.27,0.34
99,AER4,R2,Rep3,red,Makulu_red,G7,5,21.5,0.55,65.31,-18.43,-12.03,5.76,23.62,45.3,38.5,0.23,5,1927.36,62.15,0.55,61.17,0.15
100,AER4,R2,Rep3,red,Tumbe,G12,5,22,0.22,69.79,-3.32,9.29,5.95,30.12,32.63,45.04,0.4,-6.83,2072.07,46.79,0.41,48.44,0.3
101,AER4,R2,Rep3,red,Murambatsvina,G9,5,23.6,0.08,66.04,-0.18,17.06,8,35.87,39.05,68.85,0.26,-7.33,2427.65,41.45,0.49,56.75,0.33
102,AER4,R2,Rep3,red,Munzungu_munemari,G8,5,27.54,0.18,82.65,-1.08,12.35,8.69,29.18,31.63,45.63,0.33,-9.2,1537.26,42.04,0.42,49.37,0.29
103,AER4,R2,Rep3,red,Chizambia,G3,6,32.36,0.45,54.64,-9.09,-5.02,9.47,21.3,27.69,15.61,0.54,4.3,1701.8,68.81,0.55,61.01,0.12
104,AER4,R2,Rep3,red,Chigunwe,G2,6,32.54,0.72,46.56,-12.63,-14.95,9.88,35.17,40.78,41.98,0.78,12.47,4007.77,66.28,0.46,55.71,0.3
105,AER4,R2,Rep3,red,Bobwhite,G1,6,36,0.26,83.4,-7,-12.37,12.71,27.15,46.07,57.24,0.31,13.22,3537.21,90.79,0.55,63.82,0.15
106,AER4,R2,Rep3,red,Guinea_fowl,G4,6,38.25,0.35,59.59,-23.16,-14.56,15,30.75,24.09,67.2,0.34,12.69,1828.01,48.1,0.44,51.24,0.29
107,AER4,R2,Rep3,red,Muromo_wehoto,G10,7,42.31,0.49,39.28,-10.06,-2.29,53.29,24.31,29.85,18.14,0.59,1.8,2454.84,68.95,0.46,53.58,0.18
108,AER4,R2,Rep3,red,Kabhutsu,G5,7,55,0.18,71.75,-1.6,12.5,62,22.32,25.07,8.65,0.25,-6.28,1233.35,33.1,0.51,57.35,0.29
109,AER4,R2,Rep4,sand,Kasawaya,G6,5,21.5,0.51,58.4297,-13.56,-7.37,3.6458,23.8,31.96,10.42,0.57,-0.0172,1602.9915,83.14,0.59,66,0.12
110,AER4,R2,Rep4,sand,Natal_common,G11,5,25,0.29,50.0851,-9.2,2.04,4.6948,32.46,37.51,32.23,0.43,1.3344,1831.3481,59.2,0.46,54.8,0.28
111,AER4,R2,Rep4,sand,Makulu_red,G7,5,25.6,0.56,52.564,-14.95,-9.38,5.3119,23.78,31.82,8.95,0.61,0.2669,1549.8117,88.43,0.55,63.23,0.13
112,AER4,R2,Rep4,sand,Tumbe,G12,5,24.6,0.66,42.1221,-16.63,-11.97,5.3579,23.07,30.48,5.66,0.7,3.8892,2001.2728,96.04,0.49,57.33,0.13
113,AER4,R2,Rep4,sand,Murambatsvina,G9,5,26.8,0.57,48.2407,-15.29,-9.16,5.6079,25.47,33.67,11.41,0.64,2.3707,2069.6816,85.67,0.55,63.11,0.14
114,AER4,R2,Rep4,sand,Munzungu_munemari,G8,6,30.5,0.81,21.7791,-22.26,-16.87,5.7916,31,40.02,7.85,0.88,2.5832,2262.1923,94.45,0.49,60.15,0.2
115,AER4,R2,Rep4,sand,Chizambia,G3,6,35.7,0.54,85.0727,-10.86,-5.2,6.2129,19.9,25.75,8.74,0.6,-5.8232,1422.5438,80.95,0.49,55.24,0.12
116,AER4,R2,Rep4,sand,Chigunwe,G2,6,36,0.83,23.4558,-21.1,-16.77,6.4864,27.12,36.81,6.08,0.88,8.181,3372.1466,100.18,0.55,64.89,0.14
117,AER4,R2,Rep4,sand,Bobwhite,G1,6,39,0.4,55.4056,-17.01,-6.29,9.0723,40.54,47.59,36.91,0.64,-1.3016,3214.7468,71.57,0.49,60.67,0.33
118,AER4,R2,Rep4,sand,Guinea_fowl,G4,7,41.6,0.29,86.4509,-5.55,6.59,10.916,30.53,34.66,29.93,0.41,-4.5626,254.157,50.85,0.45,53.12,0.27
119,AER4,R2,Rep4,sand,Muromo_wehoto,G10,7,45,0.39,61.8059,-11.27,-0.5,11.5027,33.48,39.32,27.39,0.53,-0.576,935.1949,63.96,0.47,56.67,0.28
120,AER4,R2,Rep4,sand,Kabhutsu,G5,7,58,0.17,83.2001,-2.26,6.82,19.5492,19.13,23.32,28.97,0.24,-6.501,1527.1724,39.53,0.51,55.63,0.13
121,AER4,R2,Rep5,sand,Kasawaya,G6,5,22,0.31,58.4297,-8.49,-0.37,3.6458,23.03,29.52,25.97,0.42,-0.0172,1602.9915,63.12,0.55,61.6,0.14
122,AER4,R2,Rep5,sand,Natal_common,G11,5,25.8,0.39,50.0851,-10,-2.72,4.6948,22.74,29.26,21.72,0.5,1.3344,1831.3481,70.62,0.53,59.8,0.14
123,AER4,R2,Rep5,sand,Makulu_red,G7,5,26,0.33,52.564,-8.09,-0.33,5.3119,21.72,28.23,24.08,0.43,0.2669,1549.8117,62.71,0.57,63.13,0.12
124,AER4,R2,Rep5,sand,Tumbe,G12,5,26.3,0.61,42.1221,-13.87,-8.62,5.3579,21.78,28.33,7.51,0.66,3.8892,2001.2728,89.1,0.48,55.47,0.13
125,AER4,R2,Rep5,sand,Murambatsvina,G9,5,26.95,0.39,48.2407,-10.71,-3.49,5.6079,23.24,30.45,20.44,0.48,2.3707,2069.6816,72.67,0.57,63.51,0.13
126,AER4,R2,Rep5,sand,Munzungu_munemari,G8,6,31,0.17,21.7791,-4.93,6.28,5.7916,27.45,31.6,55.02,0.38,2.5832,2262.1923,49.61,0.45,52.45,0.24
127,AER4,R2,Rep5,sand,Chizambia,G3,6,36,0.22,85.0727,-4.85,6.6,6.2129,27.34,32.24,37.25,0.36,-5.8232,1422.5438,48.84,0.49,56.05,0.22
128,AER4,R2,Rep5,sand,Chigunwe,G2,6,36.8,0.66,23.4558,-17.91,-12.71,6.4864,25.9,34.54,8.85,0.73,8.181,3372.1466,93.27,0.54,62.54,0.14
129,AER4,R2,Rep5,sand,Bobwhite,G1,6,39.95,0.17,55.4056,-8.74,4.48,9.0723,36.24,42.2,59.7,0.42,-1.3016,3214.7468,56.05,0.51,60.51,0.29
130,AER4,R2,Rep5,sand,Guinea_fowl,G4,7,41,0.18,86.4509,-2.48,5.93,10.916,17.64,22.18,28.41,0.25,-4.5626,254.157,38.39,0.55,59.43,0.1
131,AER4,R2,Rep5,sand,Muromo_wehoto,G10,7,46.5,0.39,61.8059,-8.09,-1.81,11.5027,18.62,24.31,16.6,0.46,-0.576,935.1949,69,0.53,59.04,0.1
132,AER4,R2,Rep5,sand,Kabhutsu,G5,7,59,0.17,83.2001,-3.79,8.58,19.5492,28.61,32.9,40.07,0.28,-6.501,1527.1724,46.53,0.47,54.56,0.24
133,AER4,R2,Rep6,sand,Kasawaya,G6,5,23.5,0.42,54.355,-10.9,-3.72,2.0051,23.52,29.93,12.84,0.48,2.3872,2052.4134,73.16,0.51,57.76,0.15
134,AER4,R2,Rep6,sand,Natal_common,G11,5,25.96,0.4,62.1183,-9.43,-2.66,2.2548,21.14,26.89,12.01,0.45,0.8588,1521.7877,71.2,0.49,55.89,0.13
135,AER4,R2,Rep6,sand,Makulu_red,G7,5,26.7,0.6,24.0823,-17.56,-12.53,4.3545,25.2,34.07,8.2,0.66,8.0714,3282.795,94.05,0.56,64.69,0.13
136,AER4,R2,Rep6,sand,Tumbe,G12,5,27,0.54,55.4319,-11.03,-5.53,5.4277,19.68,24.68,8.31,0.59,2.215,1558.7586,82.31,0.43,49.4,0.13
137,AER4,R2,Rep6,sand,Murambatsvina,G9,5,27.5,0.47,37.8962,-13.63,-6.79,5.441,25.49,33.12,14.04,0.54,4.8453,2766.0097,79.86,0.54,61.56,0.15
138,AER4,R2,Rep6,sand,Munzungu_munemari,G8,6,31.8,0.57,44.2836,-13.16,-7.38,5.622,22.44,29.17,8.64,0.63,4.3842,2219.1263,84.55,0.5,57.28,0.13
139,AER4,R2,Rep6,sand,Chizambia,G3,6,36.5,0.84,9.0609,-18.97,-15.39,5.8828,23.16,32.28,3.71,0.87,9.0921,3262.7885,105.33,0.58,65.94,0.1
140,AER4,R2,Rep6,sand,Chigunwe,G2,6,37,0.86,6.1359,-22.11,-17.75,6.1875,28.19,38.03,4.42,0.9,11.1196,4205.2537,100.31,0.54,64.39,0.15
141,AER4,R2,Rep6,sand,Bobwhite,G1,7,40.5,0.51,38.5884,-14.14,-8.3,7.4779,23.56,31.02,8.82,0.56,5.9047,2674.8971,85.78,0.53,60.44,0.13
142,AER4,R2,Rep6,sand,Guinea_fowl,G4,7,41.6,0.53,33.7477,-15.59,-6.98,8.5397,32.81,39.1,18.4,0.65,3.8531,3634.3047,75.44,0.45,54.82,0.27
143,AER4,R2,Rep6,sand,Muromo_wehoto,G10,7,47.5,0.53,40.5415,-13.54,-6.94,15.9006,24.79,32.19,11.8,0.6,4.6195,2576.9236,80.82,0.53,60.41,0.15
144,AER4,R2,Rep6,sand,Kabhutsu,G5,7,60,0.1,81.9987,-2.53,9.41,17.2653,25.55,30.33,15.73,0.12,-5.4594,1263.438,42.44,0.52,57.79,0.19
145,AER4,R3,Rep1,red,Kasawaya,G6,4,17.56,0.36,50.36,-10.66,-3.91,0,42.22,38.28,59.61,0.01,-14.81,2734.95,74.54,0.53,59.96,0.13
146,AER4,R3,Rep1,red,Natal_common,G11,5,22,0.35,36,-7.47,0.19,0,21.06,26.87,15.42,0.42,2.12,2343.53,61.02,0.53,59.13,0.13
147,AER4,R3,Rep1,red,Makulu_red,G7,5,22.4,0.35,65.31,-8.03,12.1,1.3,20.9,48.31,40,0.38,2.36,2308.46,64.16,0.53,59.64,0.12
148,AER4,R3,Rep1,red,Tumbe,G12,5,22,0.48,0,-8.89,-1.59,2.46,21.65,27.86,7.54,0.52,0,0,67.22,0.53,59.69,0.13
149,AER4,R3,Rep1,red,Murambatsvina,G9,5,23.8,0.46,0,-9.71,-3.22,3.68,20.68,26.92,8.4,0.5,0,0,73.29,0.53,59.31,0.12
150,AER4,R3,Rep1,red,Munzungu_munemari,G8,5,28,0.58,20.15,-12.57,-6.31,4.32,23.04,29.14,14.76,0.68,4.92,3076.44,80.76,0.46,54.01,0.16
151,AER4,R3,Rep1,red,Chizambia,G3,6,33,0.54,63.35,-8.48,-7.66,4.8,20.12,26.39,18.37,0.59,3.18,1766.79,67.72,0.56,61.88,0.11
152,AER4,R3,Rep1,red,Chigunwe,G2,6,33,0.79,48.06,-15.71,-18.12,7.41,42.16,49.94,58.14,0.35,18.17,3226.78,95.79,0.54,61.24,0.11
153,AER4,R3,Rep1,red,Bobwhite,G1,6,36.2,0.17,94.11,-5.12,16.81,11,38.13,53.31,57.83,0.24,14.79,1626.12,57.06,0.53,58.36,0.1
154,AER4,R3,Rep1,red,Guinea_fowl,G4,6,38.5,0.35,80.03,-33.63,-20.45,15.34,38.67,33.45,68,0.38,15.75,1200.34,44.31,0.52,56.7,0.12
155,AER4,R3,Rep1,red,Muromo_wehoto,G10,7,42.6,0.58,18.39,-12.51,-6.56,64.41,22.2,29.09,10,0.64,6.1,2957.35,82.58,0.52,59.31,0.13
156,AER4,R3,Rep1,red,Kabhutsu,G5,7,55.3,0.09,58.47,-106,7.1,75,13.97,16.38,7.21,0.22,-5.3,453.67,29.08,0.43,47.22,0.1
157,AER4,R3,Rep2,red,Kasawaya,G6,4,18,0.38,50.38,-7.2,-3.24,1.52,41.35,36.25,60.62,0.06,-10.23,0,59.55,0.51,56.96,0.14
158,AER4,R3,Rep2,red,Natal_common,G11,5,22.5,0.45,25.35,-10.8,-3.27,3.06,24.2,30.89,14.5,0.52,4.42,3145.72,71.58,0.52,59.45,0.15
159,AER4,R3,Rep2,red,Makulu_red,G7,5,22.6,0.38,68.25,-8.46,12.52,3.53,21.43,48.35,40.5,0.39,2.23,0,65.67,0.51,57.81,0.13
160,AER4,R3,Rep2,red,Tumbe,G12,5,21.5,0.34,46.78,-5.18,3.58,4.28,20.85,26.69,17.48,0.41,-1.36,1413.68,49.25,0.58,63.09,0.12
161,AER4,R3,Rep2,red,Murambatsvina,G9,5,24.1,0.28,49.39,-3.79,5.18,4.68,20.1,25.18,16.45,0.33,-1.66,1475.02,44.46,0.54,59.73,0.12
162,AER4,R3,Rep2,red,Munzungu_munemari,G8,5,28.3,0.36,49.3,-4.22,4.82,4.79,20.78,25.87,12.76,0.41,-1.8,1393.81,46.35,0.53,58.65,0.13
163,AER4,R3,Rep2,red,Chizambia,G3,6,33.5,0.56,61.95,-6.24,7.55,4.98,19.35,23.94,16.06,0.56,2.12,1191.92,42.81,0.52,57.09,0.12
164,AER4,R3,Rep2,red,Chigunwe,G2,6,34,0.73,58.01,-14.03,-18.08,8.46,43.73,42.95,50.87,0.37,17.14,3329.04,84.99,0.51,58.97,0.14
165,AER4,R3,Rep2,red,Bobwhite,G1,6,36.8,0.17,96.64,-7.94,-16.56,10.5,34.32,50.44,59.59,0.26,13.76,3159.86,63.93,0.51,58.14,0.16
166,AER4,R3,Rep2,red,Guinea_fowl,G4,6,39,0.19,80.77,-33.55,-14.36,16.58,33.91,38.47,70,0.35,16.85,3839.29,100.61,0.52,60.41,0.13
167,AER4,R3,Rep2,red,Muromo_wehoto,G10,7,43,0.55,25.74,-10.6,-4.28,66.54,21.16,27.61,7.9,0.6,4.26,2484.45,76.55,0.53,59.36,0.12
168,AER4,R3,Rep2,red,Kabhutsu,G5,7,55.8,0.08,57.71,-1.38,7.61,74,17.74,22.05,5.31,0.31,-3.92,700.21,34.43,0.55,59.29,0.11
169,AER4,R3,Rep3,red,Kasawaya,G6,4,18.9,0.4,50.81,-7.85,-3.45,1.71,45.81,36.65,65.3,0.09,-11.5,1987.73,35.89,0.45,52.86,0.36
170,AER4,R3,Rep3,red,Natal_common,G11,5,23,0.13,72.61,2.33,17.02,5.43,26.27,29.79,36.19,0.21,-8.53,978.6,33.24,0.51,56.43,0.22
171,AER4,R3,Rep3,red,Makulu_red,G7,5,22.8,0.39,70.23,-8.87,12.87,5.49,26.25,49.5,45.6,0.37,2.2,0,45.86,0.47,55.25,0.34
172,AER4,R3,Rep3,red,Tumbe,G12,5,23.5,0.35,61.15,-4.27,5.98,5.75,23.89,28.63,21.21,0.45,-4.69,1286.57,47.26,0.49,55.46,0.18
173,AER4,R3,Rep3,red,Murambatsvina,G9,5,24.8,0.21,62.62,-1.39,11.42,6.81,25.56,30.8,26.97,0.29,-5.05,1344.52,39.05,0.56,61.97,0.18
174,AER4,R3,Rep3,red,Munzungu_munemari,G8,5,28.7,0.24,74.12,-1.1,10.97,7.01,24.58,28.63,29.81,0.35,-7.69,841.02,39.25,0.49,55.21,0.2
175,AER4,R3,Rep3,red,Chizambia,G3,6,33.9,0.51,67.64,-7.28,6.78,7.3,22.06,27.01,19.69,0.65,3.37,1237.42,43.38,0.53,58.43,0.15
176,AER4,R3,Rep3,red,Chigunwe,G2,6,34.5,0.77,60.31,-13.6,16.24,13,44.71,48.47,52.81,0.36,15.04,2801.57,46.82,0.47,55.52,0.32
177,AER4,R3,Rep3,red,Bobwhite,G1,6,37,0.1,96.3,-4.07,16.22,15.3,37.17,50.49,60.33,0.26,16.6,2838.34,43,0.49,57.38,0.34
178,AER4,R3,Rep3,red,Guinea_fowl,G4,6,39.8,0.18,84.63,34.41,-25.5,16.71,34.91,35.81,75,0.22,13.34,1617.61,35.75,0.44,51.71,0.36
179,AER4,R3,Rep3,red,Muromo_wehoto,G10,7,43.8,0.2,43.38,-6.19,7.56,61.36,35.75,39.46,56.58,0.46,-3.61,3349.31,51.82,0.45,54.05,0.34
180,AER4,R3,Rep3,red,Kabhutsu,G5,7,56,0.05,58.7,-1.35,7.33,70,17.85,20.35,8.44,0.31,-5.4,1324.08,32.41,0.52,58.56,0.31
181,AER4,R3,Rep4,sand,Kasawaya,G6,5,24,0.02,59.3782,-2.74,12.67,4.5532,34.17,38.64,88.57,0.22,-5.7382,2307.3008,44.75,0.51,58.63,0.29
182,AER4,R3,Rep4,sand,Natal_common,G11,5,26.5,0.01,61.8558,-2.33,13.44,5.4282,34.66,38.86,94.23,0.21,-6.387,2244.0613,44.21,0.5,58.15,0.3
183,AER4,R3,Rep4,sand,Makulu_red,G7,5,27,0.01,54.5887,-3.54,12.15,14.6827,35.81,40.45,93.95,0.23,-5.1167,2607.551,46.25,0.51,59.46,0.3
184,AER4,R3,Rep4,sand,Tumbe,G12,5,27.89,0.2,50.132,-6.69,2.95,20.8185,24.98,30.45,58.11,0.48,-2.2654,1617.9946,54.71,0.5,56.92,0.18
185,AER4,R3,Rep4,sand,Murambatsvina,G9,5,28.5,0.02,52.385,-4.07,10.66,22.6311,34.91,38.87,92.04,0.28,-5.157,2547.5069,47.58,0.48,55.98,0.31
186,AER4,R3,Rep4,sand,Munzungu_munemari,G8,6,32,0.05,48.4535,-5.95,7.69,23.2474,34.31,39.01,88.13,0.39,-4.0172,2609.5287,50.97,0.48,56.94,0.3
187,AER4,R3,Rep4,sand,Chizambia,G3,6,37,0.07,50.8125,-5.99,7.03,24.2559,32.58,37.63,83.6,0.41,-4.095,2352.9093,51.09,0.49,57.48,0.27
188,AER4,R3,Rep4,sand,Chigunwe,G2,6,37.8,0.11,39.3799,-8.85,3.66,24.5923,35.19,40.34,79.24,0.52,-2.0606,3029.4445,57.08,0.48,56.84,0.3
189,AER4,R3,Rep4,sand,Bobwhite,G1,7,41,0.02,46.8189,-4.47,10.57,24.8771,36.02,40.22,92.68,0.29,-4.3878,2877.0656,48.21,0.49,57.22,0.32
190,AER4,R3,Rep4,sand,Guinea_fowl,G4,7,42,0.13,91.0613,-1.86,12.02,25.6684,29.78,33.79,56.18,0.29,-8.3406,1331.7702,42.62,0.48,55.53,0.26
191,AER4,R3,Rep4,sand,Muromo_wehoto,G10,7,48,0.05,53.8495,-5.85,7.59,26.9769,33.37,38.44,85.29,0.37,-4.3925,2331.9758,50.62,0.5,58.04,0.28
192,AER4,R3,Rep4,sand,Kabhutsu,G5,8,60.5,0.02,94.5495,2.07,18.31,27.7801,30.05,33.55,66.66,0.07,-9.04,1295.9097,35.72,0.51,57.12,0.26
193,AER4,R3,Rep5,sand,Kasawaya,G6,5,24.5,0.01,59.5181,-3.7,10.79,5.0372,32.62,37.95,95.51,0.21,-4.7262,2193.3608,45.91,0.53,60.76,0.26
194,AER4,R3,Rep5,sand,Natal_common,G11,5,27.6,0,61.2773,-2.16,13.31,6.1417,33.53,37.92,97.26,0.13,-5.7431,2266.2523,43.67,0.51,58.51,0.28
195,AER4,R3,Rep5,sand,Makulu_red,G7,5,27.8,0.09,56.0602,-4.35,4.52,13.8981,20.32,25.77,70.1,0.3,-2.1923,1099.5095,46.17,0.56,61.65,0.12
196,AER4,R3,Rep5,sand,Tumbe,G12,5,28.5,0.02,78.2717,-2.5,10.79,13.9847,28.68,33.37,92.73,0.21,-5.9933,1529.7922,43.21,0.51,57.79,0.23
197,AER4,R3,Rep5,sand,Murambatsvina,G9,5,29.5,0,61.1788,-2.42,11.54,13.9874,30.53,34.76,98.44,0.14,-5.4252,1925.3031,43.78,0.49,56.28,0.26
198,AER4,R3,Rep5,sand,Munzungu_munemari,G8,5,32.5,0,71.3911,2,19.94,19.3308,33.89,37.38,100,0.02,-9.0509,1565.2854,37.37,0.51,58.68,0.29
199,AER4,R3,Rep5,sand,Chizambia,G3,5,37.5,0.02,78.292,-2.51,10.66,20.6504,28.52,33.11,91.97,0.22,-5.9932,1535.4807,43.31,0.5,57.21,0.23
200,AER4,R3,Rep5,sand,Chigunwe,G2,6,38,0.04,58.857,-5.77,7.45,22.0606,32.59,37.81,87.74,0.36,-4.3059,2245.4025,50.45,0.5,58.4,0.27
201,AER4,R3,Rep5,sand,Bobwhite,G1,7,41.8,0.02,72.2371,-2.5,11.86,23.8642,31.43,35.81,90.47,0.19,-6.0862,1863.3039,43.93,0.5,57.24,0.26
202,AER4,R3,Rep5,sand,Guinea_fowl,G4,7,42.8,0.01,93.1498,0.95,16.61,27.7118,30.56,33.91,93.98,0.1,-8.6772,1480.6987,37.99,0.49,55.58,0.27
203,AER4,R3,Rep5,sand,Muromo_wehoto,G10,7,48.9,0.01,63.6963,-3.52,10.56,29.1356,32.04,36.62,94.73,0.25,-5.3306,2106.7757,45.98,0.5,57.43,0.27
204,AER4,R3,Rep5,sand,Kabhutsu,G5,8,62,0.04,94.1452,-0.15,14.5,30.0213,28.97,33.17,72.51,0.15,-7.9043,1285.0775,38.8,0.51,57.83,0.24
205,AER4,R3,Rep6,sand,Kasawaya,G6,5,25.8,0.08,45.0316,-5.95,8.57,4.3253,36.56,41.15,73.5,0.32,-3.2914,3099.1546,50.81,0.49,57.8,0.32
206,AER4,R3,Rep6,sand,Natal_common,G11,5,28,0.15,60.4754,-5.43,9.57,7.4919,36.08,41.73,53.76,0.32,-3.6008,2750.7486,49.26,0.53,61.98,0.29
207,AER4,R3,Rep6,sand,Makulu_red,G7,5,28.9,0.13,32.6812,-9.01,4.82,8.4327,38.78,43.94,69.34,0.41,-0.9245,3943.5281,56.24,0.49,58.85,0.34
208,AER4,R3,Rep6,sand,Tumbe,G12,5,30.1,0.38,34.529,-12.13,-1.66,11.4578,34.06,39.39,39.06,0.62,1.4939,3675.4084,65.93,0.45,54.49,0.3
209,AER4,R3,Rep6,sand,Murambatsvina,G9,6,31.5,0.06,42.6566,-6.08,9.12,12.9022,39.25,42.86,83.65,0.36,-3.5893,3550.7794,51.27,0.46,56.12,0.37
210,AER4,R3,Rep6,sand,Munzungu_munemari,G8,6,32.9,0.55,31.0139,-13.67,-4.99,12.9073,30.95,36.42,20.47,0.69,4.0215,3789.8517,72.67,0.43,52.22,0.27
211,AER4,R3,Rep6,sand,Chizambia,G3,6,38.5,0.59,30.7099,-12.13,-6.53,13.1072,21.02,27.62,11.51,0.66,3.9816,2337.9875,83.98,0.51,58.29,0.12
212,AER4,R3,Rep6,sand,Chigunwe,G2,6,39.5,0.29,18.5331,-14.24,-3.06,13.8376,38.79,44.38,58.86,0.7,2.9114,4436.3938,67.49,0.46,56.71,0.34
213,AER4,R3,Rep6,sand,Bobwhite,G1,7,42,0.24,40.1786,-9.06,1.49,17.3591,29.63,36.13,45.29,0.44,0.5702,2797.5148,59.6,0.52,60.25,0.22
214,AER4,R3,Rep6,sand,Guinea_fowl,G4,7,43,0.19,66.1186,-3.34,8.36,24.2968,27.67,30.54,50,0.38,-5.1784,1740.006,46.5,0.41,48.39,0.27
215,AER4,R3,Rep6,sand,Muromo_wehoto,G10,7,50.5,0.22,35.2656,-9.79,2.57,25.0309,35.94,41.32,58.19,0.53,-0.2706,3487.7776,58.89,0.48,57.39,0.31
216,AER4,R3,Rep6,sand,Kabhutsu,G5,8,63.8,0.12,82.3216,-2.52,11.21,25.4468,29.61,34.45,43.24,0.21,-6.0107,1693.918,43.35,0.52,58.68,0.24
