Growth_stage,Replication,Group,Genotypes,Severity,Intensity,Hue,Saturation,Lightness,a*,b*,ab,u*,v*,uv,GA,GGA,CSI
R2,1,Landrace,AQUA,50,0.37590817,79.103355,0.23218542,45.82089,-13.493831,25.746595,-347.4202018,-6.628461,30.172735,-199.9987972,0.674925486,0.545923869,19.11346068
R2,1,Landrace,BOBWHITE,40,0.4078468,68.31539,0.20126593,47.987564,-9.590067,23.76894,-227.9457271,-1.9821123,28.139833,-55.77630911,0.548735301,0.412003835,24.91756326
R2,1,Landrace,CHIGUNWE,70,0.37725616,72.20687,0.22665137,45.305584,-10.93537,24.684183,-269.9306743,-3.5569334,28.62838,-101.829241,0.609879812,0.473182678,22.41378232
R2,1,Landrace,CHIZAMBIA,60,0.40704736,78.85856,0.22662497,49.268642,-14.021983,26.89996,-377.1907818,-6.9183125,32.14593,-222.3955893,0.625471751,0.555295308,11.2197621
R2,1,Commercial,DENDERA,70,0.40124688,74.97159,0.21043485,47.902134,-11.830917,24.811094,-293.5379938,-4.6805773,29.511335,-138.1300847,0.612347921,0.480780284,21.48576531
R2,1,Commercial,GUINEAFOWL,40,0.4054381,72.51959,0.17360032,47.388638,-9.819007,21.631603,-212.4008613,-3.1202645,26.029978,-81.22041629,0.586933136,0.48528417,17.31866208
R2,1,Landrace,GURA_KUKUMBIRA,40,0.4485571,75.60412,0.20172882,53.051945,-12.769325,26.353804,-336.5202883,-5.3314314,32.248184,-171.9289808,0.664300283,0.507499695,23.60387193
R2,1,Pre-release,ICGV-SM-15576,20,0.40539446,86.78066,0.23409683,50.08219,-17.671103,28.480568,-503.2830506,-11.326823,34.448112,-390.1876673,0.774805705,0.65117391,15.95649006
R2,1,Pre-release,ICGV-SM-15592,40,0.3729526,82.05786,0.20084673,44.982807,-13.040163,23.293161,-303.7466162,-6.8666,27.683079,-190.0886303,0.61588796,0.4985466,19.0523873
R2,1,Pre-release,ICGV-SM-15631,30,0.39032033,83.70425,0.20946854,47.349094,-14.578478,25.092628,-365.8123253,-8.299863,30.153627,-250.2709731,0.701457977,0.568962097,18.88864115
R2,1,Pre-release,ICGV-SM-16637,40,0.36527932,83.12142,0.31710482,47.01498,-18.54148,32.40839,-600.899515,-11.280973,37.029594,-417.7298501,0.851211548,0.651248932,23.49152998
R2,1,Pre-release,IGGV-SM-15588,20,0.41862783,74.98401,0.16227204,48.74259,-10.30318,21.374523,-220.2255579,-3.8662972,26.121647,-100.9940507,0.552828471,0.489255269,11.49962508
R2,1,Commercial,ILLANDA,50,0.3673261,78.2236,0.29636323,46.18025,-15.361104,30.234224,-464.4310592,-7.6908207,34.429153,-264.7884426,0.694738197,0.54915672,20.95486872
R2,1,Commercial,JESA,60,0.4372073,71.070816,0.17985803,50.9542,-10.236681,23.423918,-239.7831763,-2.9430373,28.525888,-83.9527524,0.510704041,0.431294759,15.54898241
R2,1,Landrace,KABHUTSU,90,0.3974464,56.168083,0.1525681,45.335144,-5.574511,18.591715,-103.6397198,1.448072,21.904335,31.71905419,0.378751119,0.267856598,29.27899497
R2,1,Landrace,KASAWAYA,80,0.4132867,66.159836,0.19532895,48.338535,-8.9141,23.35417,-208.1814068,-1.1924464,27.693764,-33.02332918,0.540374756,0.394961039,26.90979085
R2,1,Landrace,MAKULU_RED,40,0.41436782,82.03542,0.2057988,49.859642,-14.433238,25.775614,-372.0255715,-7.8673267,31.328735,-246.4733933,0.692067464,0.623425802,9.918348449
R2,1,Landrace,MATATU_MATATU,40,0.40906623,85.63493,0.18514633,49.021706,-14.496882,24.025646,-348.296955,-8.575109,29.515182,-253.0959028,0.709527334,0.628046672,11.48379466
R2,1,Landrace,MUNZUNGU_MUNEMARI,50,0.4315555,79.81101,0.22918755,52.219425,-15.182427,28.533,-433.2001896,-7.9152145,34.552673,-273.4918183,0.681612651,0.563433329,17.33819365
R2,1,Landrace,MURAMBATSVINA,30,0.43240127,85.41963,0.2807839,54.416756,-20.592636,34.153355,-703.3076077,-13.502749,41.113342,-555.1431376,0.925014496,0.798394521,13.68843141
R2,1,Landrace,MUROMO_WEHOTO,50,0.3861613,94.00031,0.1996603,47.628777,-17.99152,25.311214,-455.3872129,-12.752148,31.040733,-395.8360212,0.824059804,0.739690145,10.23829326
R2,1,Commercial,NJIVA,40,0.41819024,77.70777,0.28147334,51.790253,-16.173775,32.15611,-520.085688,-8.088335,37.821465,-305.9126791,0.765739441,0.58906428,23.07249063
R2,1,Landrace,NYATSINGA,80,0.4078468,68.31539,0.20126593,47.987564,-9.590067,23.76894,-227.9457271,-1.9821123,28.139833,-55.77630911,0.548735301,0.412003835,24.91756326
R2,1,Landrace,TUMBE,70,0.38514993,86.082886,0.23465294,47.64446,-16.6726,27.291271,-455.0164449,-10.359883,32.585445,-337.5813977,0.726384481,0.64728419,10.88958988
R2,2,Landrace,AQUA,40,0.39524436,80.85573,0.21290904,47.750122,-13.818814,25.326635,-349.9840583,-7.1981764,30.320219,-218.2502848,0.708563487,0.588785807,16.90429745
R2,2,Landrace,BOBWHITE,40,0.47954556,70.18713,0.1974631,55.927574,-11.36506,26.817196,-304.7790416,-3.1088316,33.006283,-102.6109756,0.433615367,0.307345072,29.1203458
R2,2,Landrace,CHIGUNWE,60,0.38806328,89.392494,0.2170052,47.859333,-17.216263,26.353502,-453.7088214,-11.391018,31.902826,-363.4056652,0.868971507,0.744345347,14.34180047
R2,2,Landrace,CHIZAMBIA,80,0.43545994,79.97476,0.20977145,52.164795,-14.408398,26.946358,-388.2538507,-7.4046597,32.928486,-243.8242333,0.710610708,0.558567047,21.3961961
R2,2,Commercial,DENDERA,80,0.45657405,53.956062,0.15317887,51.620525,-5.677908,20.639053,-117.1866441,2.376083,24.996088,59.39277976,0.352484385,0.296557109,15.86659692
R2,2,Commercial,GUINEAFOWL,40,0.4054381,72.51959,0.17360032,47.388638,-9.819007,21.631603,-212.4008613,-3.1202645,26.029978,-81.22041629,0.586933136,0.48528417,17.31866208
R2,2,Landrace,GURA_KUKUMBIRA,40,0.3617692,84.76551,0.3071165,46.55174,-18.78818,31.637709,-594.4149715,-11.826468,36.313118,-429.455928,0.865309397,0.671983083,22.34187158
R2,2,Pre-release,ICGV-SM-15576,20,0.4263687,84.63776,0.2281934,52.103226,-17.05628,28.786137,-490.9844128,-10.400851,35.109917,-365.1730153,0.791028341,0.660475413,16.50420357
R2,2,Pre-release,ICGV-SM-15592,20,0.3729526,82.05786,0.20084673,44.982807,-13.040163,23.293161,-303.7466162,-6.8666,27.683079,-190.0886303,0.61588796,0.4985466,19.0523873
R2,2,Pre-release,ICGV-SM-15631,20,0.39032033,83.70425,0.20946854,47.349094,-14.578478,25.092628,-365.8123253,-8.299863,30.153627,-250.2709731,0.701457977,0.568962097,18.88864115
R2,2,Pre-release,ICGV-SM-16637,20,0.36527932,83.12142,0.31710482,47.01498,-18.54148,32.40839,-600.899515,-11.280973,37.029594,-417.7298501,0.851211548,0.651248932,23.49152998
R2,2,Pre-release,IGGV-SM-15588,40,0.40961707,70.17421,0.14798975,47.1785,-8.437625,19.433466,-163.9722986,-2.098458,23.579487,-49.48056313,0.477156321,0.39508311,17.20048714
R2,2,Commercial,ILLANDA,40,0.41708684,89.11709,0.23554438,51.769516,-19.275429,29.621233,-570.9619736,-13.130464,36.194576,-475.2515772,0.909459432,0.765921275,15.78279933
R2,2,Commercial,JESA,40,0.43250218,78.78816,0.21894282,51.96601,-14.335603,27.525517,-394.5948841,-7.1004167,33.40805,-237.2110761,0.692544301,0.55565389,19.76630392
R2,2,Landrace,KABHUTSU,80,0.43057427,69.98971,0.19172877,50.41503,-10.17935,24.098463,-245.3066893,-2.614985,29.06112,-75.99439288,0.547754924,0.379397074,30.73598098
R2,2,Landrace,KASAWAYA,60,0.34135458,90.9649,0.42396498,48.076633,-27.131786,39.9483,-1083.868727,-20.566393,44.57024,-916.6490719,0.972541809,0.873160044,10.21876528
R2,2,Landrace,MAKULU_RED,40,0.40632817,82.17105,0.24142092,49.8816,-16.042635,28.560318,-458.1827572,-9.101564,34.163765,-310.9436936,0.734911601,0.591635386,19.4957073
R2,2,Landrace,MATATU_MATATU,40,0.4044095,86.951965,0.2005086,49.036728,-15.755129,25.382753,-399.9085479,-9.788062,31.024181,-303.6666071,0.82126236,0.689252218,16.0740524
R2,2,Landrace,MUNZUNGU_MUNEMARI,40,0.4257528,67.12291,0.17735451,49.40255,-8.868155,22.412579,-198.7582245,-1.46428,26.989197,-39.51974138,0.48414739,0.3885053,19.75474657
R2,2,Landrace,MURAMBATSVINA,50,0.4087851,82.43082,0.27739692,51.144924,-17.97395,31.902452,-573.4130771,-10.644616,37.76734,-402.0188316,0.846490224,0.664115906,21.54476369
R2,2,Landrace,MUROMO_WEHOTO,50,0.36664963,82.219505,0.22586471,44.86731,-14.100518,25.072933,-353.5413431,-7.663908,29.450073,-225.7026501,0.700139364,0.552960714,21.02133626
R2,2,Commercial,NJIVA,40,0.39478087,84.38837,0.23693532,48.65155,-16.3853,27.81232,-455.7132069,-9.811493,33.25119,-326.2438179,0.747934977,0.625094096,16.42400544
R2,2,Landrace,NYATSINGA,60,0.42369604,74.01697,0.16300666,49.261185,-10.165377,21.56478,-219.2141186,-3.5966668,26.377197,-94.86998873,0.481999715,0.412480672,14.42304648
R2,2,Landrace,TUMBE,50,0.43456674,93.74193,0.24108195,54.637016,-22.770517,31.94884,-727.4916044,-17.1406,39.665943,-679.8980626,0.902760824,0.80934906,10.34734351
R3,1,Landrace,AQUA,50,0.3999389,75.26099,0.21837592,47.956524,-12.193516,25.455631,-310.3936439,-4.945145,30.182428,-149.2564829,0.635171254,0.535736084,15.65485998
R3,1,Landrace,BOBWHITE,40,0.44759938,45.82652,0.17508638,50.59095,-3.5472226,21.630238,-76.72726908,5.8092437,25.409235,147.6084383,0.294737498,0.214817047,27.11580691
R3,1,Landrace,CHIGUNWE,70,0.39011335,78.54591,0.21291345,46.96696,-12.874265,24.826536,-319.6234035,-6.102715,29.507477,-180.0757225,0.671226501,0.553885142,17.48163387
R3,1,Landrace,CHIZAMBIA,70,0.42727503,77.91934,0.19233596,50.62674,-12.652048,24.723078,-312.7975696,-5.8044677,30.16909,-175.1155084,0.629084269,0.530021667,15.74711157
R3,1,Commercial,DENDERA,70,0.43139172,84.80097,0.17262322,51.113213,-14.07571,23.755783,-334.3795123,-8.114663,29.60176,-240.2083066,0.733851115,0.574270884,21.74558674
R3,1,Commercial,GUINEAFOWL,40,0.42771903,83.77015,0.21373051,51.759144,-15.922899,27.381956,-436.0001198,-9.333755,33.52829,-312.9448444,0.785760244,0.643300374,18.13019563
R3,1,Landrace,GURA_KUKUMBIRA,40,0.41729394,72.01631,0.15500188,48.26557,-9.23652,20.452274,-188.9078378,-2.7710288,24.927105,-69.07372586,0.50988436,0.462649457,9.263846156
R3,1,Pre-release,ICGV-SM-15576,20,0.3788744,87.70176,0.30749047,49.08174,-21.136446,33.346893,-704.8348032,-14.455192,38.92845,-562.718219,0.93726476,0.761706034,18.73096412
R3,1,Pre-release,ICGV-SM-15592,40,0.4255084,80.992065,0.13891542,49.283546,-10.920652,19.951363,-217.8818922,-5.2710524,24.909239,-131.297904,0.607851664,0.518220266,14.74560387
R3,1,Pre-release,ICGV-SM-15631,30,0.40956005,74.04581,0.20614105,48.674335,-11.531514,24.757938,-285.4965087,-4.276794,29.576384,-126.4921016,0.669804891,0.556578318,16.90441115
R3,1,Pre-release,ICGV-SM-16637,40,0.4262248,76.02992,0.26164746,52.051834,-14.853032,30.700333,-455.9930285,-6.7272763,36.38292,-244.7579554,0.700174967,0.607624054,13.21825512
R3,1,Pre-release,IGGV-SM-15588,20,0.41989502,74.61137,0.13855577,48.307835,-9.24146,19.257002,-177.9628137,-3.2582345,23.73726,-77.34155947,0.515547434,0.437388102,15.16045412
R3,1,Commercial,ILLANDA,50,0.4250447,74.82953,0.20775098,50.51208,-12.208457,25.722807,-314.0357832,-4.826379,31.004267,-149.6383432,0.627340953,0.513827006,18.09445822
R3,1,Commercial,JESA,60,0.4097657,71.22738,0.24432814,49.324505,-11.881628,27.746391,-329.6722962,-3.6813793,32.51248,-119.6907709,0.587170919,0.478115082,18.57309916
R3,1,Landrace,KABHUTSU,90,0.41290852,70.925835,0.14179403,47.439964,-8.437293,19.058731,-160.8040977,-2.2462168,23.24766,-52.21928445,0.475659688,0.379423777,20.23209312
R3,1,Landrace,KASAWAYA,80,0.39480543,71.95983,0.18965107,46.51113,-10.018428,22.491058,-225.3250452,-3.080929,26.71281,-82.300271,0.58622996,0.403606415,31.15220268
R3,1,Landrace,MAKULU_RED,40,0.42676795,82.5338,0.25156355,52.558918,-17.350622,30.683775,-532.3825816,-10.17162,36.97919,-376.1382686,0.779238383,0.665346781,14.61575868
R3,1,Landrace,MATATU_MATATU,40,0.3985808,82.70227,0.27801824,49.98752,-17.780651,31.35498,-557.5119565,-10.560502,36.936684,-390.0699253,0.798583984,0.631645203,20.90434882
R3,1,Landrace,MUNZUNGU_MUNEMARI,50,0.41266286,85.088,0.22641832,50.52285,-16.715143,27.945032,-467.105206,-10.217395,33.898994,-346.3594118,0.750237783,0.628097534,16.28020495
R3,1,Landrace,MURAMBATSVINA,30,0.38416848,77.22781,0.2641406,47.349094,-14.274319,28.606203,-408.334067,-6.717359,33.203506,-223.0398699,0.659468333,0.602200826,8.683890349
R3,1,Landrace,MUROMO_WEHOTO,50,0.38928953,82.35103,0.23579967,47.769653,-15.292034,27.137587,-414.9889031,-8.565995,32.226593,-276.0528345,0.834096273,0.677458445,18.7793463
R3,1,Commercial,NJIVA,40,0.41808534,73.86901,0.27166426,51.134357,-14.066154,30.821674,-433.542413,-5.6184473,36.09236,-202.7830226,0.6971639,0.561840057,19.41062101
R3,1,Landrace,NYATSINGA,80,0.42502534,74.6339,0.19422561,50.176594,-11.608879,24.490963,-284.3126261,-4.456778,29.658428,-132.1810294,0.563472748,0.493125916,12.48451368
R3,1,Landrace,TUMBE,70,0.3721486,81.48934,0.25996125,46.25818,-15.497974,28.075115,-435.1074023,-8.541941,32.678833,-279.1406634,0.791275024,0.62664032,20.80625566
R3,2,Landrace,AQUA,40,0.4123117,83.932945,0.30162174,52.41674,-20.09789,34.478825,-692.9516322,-12.740268,40.699223,-518.5190084,0.940357208,0.643222809,31.59803496
R3,2,Landrace,BOBWHITE,40,0.44759938,45.82652,0.17508638,50.59095,-3.5472226,21.630238,-76.72726908,5.8092437,25.409235,147.6084383,0.294737498,0.214817047,27.11580691
R3,2,Landrace,CHIGUNWE,60,0.42971644,63.445007,0.16117835,49.317062,-7.615599,20.909874,-159.2412155,-0.3196301,25.259329,-8.073641854,0.538221995,0.407811483,24.2298742
R3,2,Landrace,CHIZAMBIA,80,0.44205818,81.6771,0.21300584,53.158344,-15.438755,27.775331,-428.8165304,-8.525917,34.120083,-290.9049957,0.817676544,0.587866465,28.10525514
R3,2,Commercial,DENDERA,80,0.47032976,48.210613,0.13383335,52.467587,-4.3111935,19.03382,-82.05848106,3.6642704,23.200151,85.01162658,0.285719554,0.247069041,13.52743003
R3,2,Commercial,GUINEAFOWL,40,0.42771903,83.77015,0.21373051,51.759144,-15.922899,27.381956,-436.0001198,-9.333755,33.52829,-312.9448444,0.785760244,0.643300374,18.13019563
R3,2,Landrace,GURA_KUKUMBIRA,40,0.42482105,74.61536,0.19101691,50.078556,-11.475299,24.190363,-277.5916483,-4.386023,29.326874,-128.6283439,0.664400736,0.515307109,22.44031647
R3,2,Pre-release,ICGV-SM-15576,20,0.44121382,85.666855,0.2079233,53.320633,-16.808313,27.75456,-466.5073317,-10.418037,34.396454,-358.3435304,0.872245789,0.719937642,17.46160866
R3,2,Pre-release,ICGV-SM-15592,20,0.4255084,80.992065,0.13891542,49.283546,-10.920652,19.951363,-217.8818922,-5.2710524,24.909239,-131.297904,0.607851664,0.518220266,14.74560387
R3,2,Pre-release,ICGV-SM-15631,20,0.40956005,74.04581,0.20614105,48.674335,-11.531514,24.757938,-285.4965087,-4.276794,29.576384,-126.4921016,0.669804891,0.556578318,16.90441115
R3,2,Pre-release,ICGV-SM-16637,20,0.4262248,76.02992,0.26164746,52.051834,-14.853032,30.700333,-455.9930285,-6.7272763,36.38292,-244.7579554,0.700174967,0.607624054,13.21825512
R3,2,Pre-release,IGGV-SM-15588,40,0.43046734,74.24233,0.17707437,50.346565,-10.905574,23.132187,-252.2697771,-3.995876,28.252815,-112.8947454,0.609255473,0.477038066,21.70147223
R3,2,Commercial,ILLANDA,40,0.43025562,77.2641,0.19416153,50.9542,-12.570102,24.958427,-313.7299731,-5.600893,30.445484,-170.5218982,0.720484416,0.557896932,22.56641229
R3,2,Commercial,JESA,40,0.42681083,86.96431,0.17719305,50.918762,-15.011823,24.236147,-363.828749,-9.210596,30.202848,-278.186231,0.760767619,0.595205943,21.76245044
R3,2,Landrace,KABHUTSU,90,0.40315235,66.22657,0.18915206,47.098843,-8.624885,22.39991,-193.1966478,-1.1918638,26.485228,-31.56678449,0.565060933,0.404429118,28.42734404
R3,2,Landrace,KASAWAYA,70,0.37700963,79.72465,0.26956373,46.882748,-15.319157,28.932383,-443.2197176,-8.0274515,33.546978,-269.2967389,0.750916799,0.54185613,27.8407234
R3,2,Landrace,MAKULU_RED,40,0.37826595,82.9729,0.28577453,47.79307,-17.543217,30.760359,-539.6356529,-10.433508,35.753376,-373.0331345,0.831167857,0.613711039,26.16280404
R3,2,Landrace,MATATU_MATATU,40,0.42711332,81.681526,0.21531647,51.53012,-15.135979,27.252352,-412.4910276,-8.3021345,33.2076,-275.6939616,0.854094187,0.669471741,21.61616944
R3,2,Landrace,MUNZUNGU_MUNEMARI,40,0.43763363,63.108917,0.18324447,50.60527,-8.192167,23.150284,-189.6509926,-0.19200166,27.803263,-5.338272649,0.470067342,0.347192128,26.13991712
R3,2,Landrace,MURAMBATSVINA,50,0.41155446,83.503265,0.25703973,51.056763,-17.593937,30.429169,-535.3688823,-10.593925,36.404964,-385.6714582,0.851516724,0.63497289,25.43036765
R3,2,Landrace,MUROMO_WEHOTO,50,0.40293014,77.34718,0.21298087,48.3347,-12.765489,25.334131,-323.4025706,-5.7630167,30.265053,-174.4180059,0.702650706,0.522118886,25.6929678
R3,2,Commercial,NJIVA,40,0.4089984,85.102585,0.23350626,50.29603,-16.99902,28.394758,-482.6830591,-10.450712,34.300255,-358.4620865,0.836583455,0.648732503,22.45453827
R3,2,Landrace,NYATSINGA,70,0.45008516,61.84651,0.1901303,52.031258,-8.197547,24.188564,-198.2868903,0.25972188,29.082499,7.553361315,0.517565409,0.388005575,25.03255288
R3,2,Landrace,TUMBE,50,0.42729068,86.85391,0.1841479,51.16605,-15.416021,24.91794,-384.1354863,-9.513892,30.984072,-294.7791147,0.765514374,0.658486684,13.98114696
R4,1,Landrace,AQUA,60,0.42861775,66.41264,0.19273186,50.0021,-9.168956,23.826714,-218.4660923,-1.3181511,28.52604,-37.601631,0.558186849,0.409117381,26.70601582
R4,1,Landrace,BOBWHITE,50,0.41953814,67.7895,0.20418018,49.317062,-9.716086,24.513903,-238.1791897,-1.8405792,29.141815,-53.63781854,0.490118663,0.352181753,28.14357431
R4,1,Landrace,CHIGUNWE,70,0.4004693,74.1202,0.2942205,49.628204,-14.473017,31.668528,-458.3391441,-5.954726,36.465595,-217.1426267,0.722284953,0.459935506,36.32215313
R4,1,Landrace,CHIZAMBIA,70,0.39108077,81.33439,0.1873151,46.681328,-12.655317,22.941425,-290.3310058,-6.480072,27.658997,-179.232292,0.629857381,0.490248362,22.16517947
R4,1,Commercial,DENDERA,80,0.3776532,75.422356,0.29335386,47.054943,-14.361628,30.31307,-435.3450349,-6.300791,34.567825,-217.8046406,0.638226827,0.482852936,24.34461928
R4,1,Commercial,GUINEAFOWL,50,0.42390093,64.55123,0.1794458,49.104225,-8.24911,22.33902,-184.2770333,-0.6379091,26.744413,-17.06050443,0.519137065,0.421869914,18.73631407
R4,1,Landrace,GURA_KUKUMBIRA,80,0.39060304,78.08229,0.20295745,46.75399,-12.299166,23.951763,-294.5867091,-5.6374736,28.550144,-160.9506831,0.633556366,0.520301819,17.87600176
R4,1,Pre-release,ICGV-SM-15576,50,0.3916926,88.11516,0.26808584,49.587627,-19.737993,30.893784,-609.7812923,-13.324882,36.797462,-490.321839,0.905246735,0.725771586,19.82610284
R4,1,Pre-release,ICGV-SM-15592,40,0.40508184,83.53333,0.17161757,48.037937,-12.948017,22.392475,-289.938147,-7.0779138,27.468058,-194.4165468,0.718212128,0.639139811,11.00960474
R4,1,Pre-release,ICGV-SM-15631,50,0.41535032,83.333145,0.21174341,50.252647,-15.289137,26.52721,-405.5781479,-8.767369,32.273693,-282.9553755,0.714650472,0.643327077,9.980178782
R4,1,Pre-release,ICGV-SM-16637,50,0.39832604,83.59636,0.2832294,50.20921,-18.486084,31.92935,-590.2486462,-11.335612,37.616608,-426.407273,0.873247782,0.668239594,23.47651984
R4,1,Pre-release,IGGV-SM-15588,40,0.3675823,85.73194,0.22155023,45.195545,-15.247406,25.169615,-383.7713388,-9.146524,29.826195,-272.8060084,0.65041097,0.57023112,12.32756733
R4,1,Commercial,ILLANDA,90,0.38303447,77.59768,0.23607016,46.6085,-13.265049,26.290905,-348.7501431,-6.129885,30.808495,-188.8525314,0.663021088,0.538342794,18.80457442
R4,1,Commercial,JESA,70,0.42590645,58.847717,0.19694489,49.354256,-7.200955,23.531572,-169.4497911,1.3106619,27.738337,36.35558148,0.503593445,0.397092183,21.14826205
R4,1,Landrace,KABHUTSU,90,0.46032405,51.042442,0.13933212,51.637886,-4.9144926,19.369516,-95.19134305,2.9183865,23.548172,68.72266726,0.399864197,0.303654989,24.06047077
R4,1,Landrace,KASAWAYA,90,0.44029942,60.37705,0.19080055,50.897484,-7.681114,23.731607,-182.2851788,0.770785,28.323488,21.8313197,0.440764109,0.319207509,27.57860665
R4,1,Landrace,MAKULU_RED,50,0.40555587,74.66676,0.23612094,48.95027,-12.756514,27.19162,-346.8702812,-5.090374,32.09254,-163.3630312,0.678067525,0.555333455,18.10056746
R4,1,Landrace,MATATU_MATATU,50,0.36986232,78.66042,0.3045737,46.72575,-15.991183,31.106133,-497.4238652,-8.26385,35.42119,-292.715401,0.742632548,0.593255361,20.11454891
R4,1,Landrace,MUNZUNGU_MUNEMARI,60,0.43227482,71.88571,0.23267496,51.669106,-12.239246,27.98589,-342.5261922,-4.027436,33.35998,-134.3551844,0.679144541,0.568206787,16.33492542
R4,1,Landrace,MURAMBATSVINA,40,0.4154214,73.32706,0.29730338,51.359077,-14.615991,32.760494,-478.8270855,-5.7486486,37.90562,-217.9060893,0.719127655,0.627221425,12.78023853
R4,1,Landrace,MUROMO_WEHOTO,50,0.41464162,78.83564,0.24366724,50.55871,-14.964804,28.803576,-431.0398693,-7.544032,34.347836,-259.1211739,0.737172445,0.600795746,18.4999724
R4,1,Commercial,NJIVA,50,0.43744138,71.96266,0.2513107,52.69041,-13.040348,29.923008,-390.2064375,-4.4403605,35.508045,-157.6685205,0.667551676,0.53891627,19.26973013
R4,1,Landrace,NYATSINGA,90,0.41822365,70.91523,0.21549368,49.628204,-11.02281,25.694614,-283.2268481,-3.2121785,30.55842,-98.15909972,0.615160624,0.511647542,16.82700059
R4,1,Landrace,TUMBE,70,0.4036179,74.40309,0.23243517,48.621143,-12.4825945,26.737503,-333.7534079,-4.87871,31.55374,-153.9415469,0.717529297,0.579900106,19.1809856
R4,2,Landrace,AQUA,50,0.3992881,80.61135,0.33739656,51.32056,-19.371033,36.04644,-698.2567788,-11.3119135,41.470833,-469.1144757,0.875628153,0.648139954,25.98000064
R4,2,Landrace,BOBWHITE,50,0.41953814,67.7895,0.20418018,49.317062,-9.716086,24.513903,-238.1791897,-1.8405792,29.141815,-53.63781854,0.490118663,0.352181753,28.14357431
R4,2,Landrace,CHIGUNWE,60,0.37068748,86.55945,0.28858262,47.404438,-19.191965,31.034985,-595.6223459,-12.537709,36.167454,-453.4570135,0.869199117,0.740324656,14.82680531
R4,2,Landrace,CHIZAMBIA,90,0.40641323,77.666306,0.23246223,49.227615,-13.773983,27.241837,-375.2285997,-6.462522,32.397503,-209.3695759,0.684214274,0.536055247,21.65389304
R4,2,Commercial,DENDERA,90,0.4669727,54.684124,0.16722322,53.02196,-6.1604633,22.327152,-137.5456005,2.4510672,27.02466,66.23925772,0.379665375,0.314940135,17.04797023
R4,2,Commercial,GUINEAFOWL,60,0.39545918,72.432434,0.2607869,48.14231,-12.51895,28.438017,-356.0141129,-4.3602185,32.93948,-143.6233301,0.634497325,0.47933197,24.4548477
R4,2,Landrace,GURA_KUKUMBIRA,90,0.41840005,76.09598,0.23549432,50.526436,-13.610193,27.97285,-380.7158873,-5.964234,33.339077,-198.8420566,0.703760783,0.547353109,22.22455101
R4,2,Pre-release,ICGV-SM-15576,40,0.41875473,82.62434,0.2138241,50.62674,-15.206459,26.803434,-407.5853202,-8.558408,32.59899,-278.9954568,0.739822388,0.635930379,14.04283112
R4,2,Pre-release,ICGV-SM-15592,40,0.4123853,77.31311,0.23146945,49.85598,-13.77097,27.438034,-377.8483431,-6.3817086,32.725624,-208.8453961,0.72980245,0.547889709,24.92629892
R4,2,Pre-release,ICGV-SM-15631,30,0.41129074,75.26745,0.24298036,49.819347,-13.404068,28.13898,-377.1768014,-5.6370277,33.274986,-187.5720178,0.720654806,0.541301727,24.88751575
R4,2,Pre-release,ICGV-SM-16637,40,0.39832604,83.59636,0.2832294,50.20921,-18.486084,31.92935,-590.2486462,-11.335612,37.616608,-426.407273,0.873247782,0.668239594,23.47651984
R4,2,Pre-release,IGGV-SM-15588,50,0.3675823,85.73194,0.22155023,45.195545,-15.247406,25.169615,-383.7713388,-9.146524,29.826195,-272.8060084,0.65041097,0.57023112,12.32756733
R4,2,Commercial,ILLANDA,50,0.36193514,85.4593,0.27648467,45.891438,-17.692331,29.312809,-518.6119194,-11.062316,34.017296,-376.3100778,0.747792562,0.635814667,14.9744596
R4,2,Commercial,JESA,50,0.40866455,79.42813,0.2627349,50.404232,-15.872908,30.199442,-479.3529645,-8.328744,35.704338,-297.3722909,0.770693461,0.537710826,30.23025979
R4,2,Landrace,KABHUTSU,90,0.37292612,85.18553,0.22744262,45.92458,-15.520291,25.888035,-401.7898366,-9.276467,30.695757,-284.7481769,0.687533061,0.570348104,17.04426501
R4,2,Landrace,KASAWAYA,80,0.37781632,79.60448,0.28951168,47.43602,-16.10018,30.561817,-492.0507548,-8.56384,35.213318,-301.5612212,0.792390188,0.535621643,32.40430643
R4,2,Landrace,MAKULU_RED,50,0.39934078,85.60736,0.28295982,50.58379,-19.530659,32.27535,-630.358855,-12.6365595,38.212612,-482.8759452,0.839794159,0.671961466,19.98497973
R4,2,Landrace,MATATU_MATATU,40,0.39804545,83.643906,0.21841091,48.468693,-15.227961,26.270853,-400.0515249,-8.771116,31.609985,-277.2548452,0.748963674,0.609476725,18.62399386
R4,2,Landrace,MUNZUNGU_MUNEMARI,60,0.4758091,55.06023,0.17912608,54.20477,-6.498405,23.769373,-154.4630124,2.6126592,28.735806,75.07686792,0.484884898,0.325236003,32.92511191
R4,2,Landrace,MURAMBATSVINA,50,0.3916616,76.552574,0.29021662,48.75774,-15.171669,31.097563,-471.8019325,-7.116258,35.870888,-255.2664937,0.725934347,0.564526876,22.23444468
R4,2,Landrace,MUROMO_WEHOTO,60,0.39031005,74.294014,0.23878306,47.2262,-12.347086,26.546196,-327.768165,-4.7884793,31.016592,-148.5223087,0.649976095,0.474352519,27.0200054
R4,2,Commercial,NJIVA,50,0.4205911,76.20763,0.18172175,49.49522,-11.46851,23.295912,-267.1693997,-4.7208104,28.351574,-133.8424054,0.601909637,0.511882782,14.95687224
R4,2,Landrace,NYATSINGA,80,0.38411582,78.38284,0.23630714,46.806362,-13.597529,26.449371,-359.6460892,-6.522409,31.060019,-202.5861475,0.651240031,0.51062266,21.59224924
R4,2,Landrace,TUMBE,50,0.41204724,86.09018,0.22944432,50.64462,-17.309797,28.328352,-490.3580225,-10.893936,34.38568,-374.5953972,0.797190348,0.6729304,15.58723697
R5,1,Landrace,AQUA,80,0.5234274,51.205173,0.18958014,59.19581,-5.867047,26.332947,-154.4966377,4.841866,32.041866,155.1424216,0.523509021,0.373223843,28.70727563
R5,1,Landrace,BOBWHITE,100,0.4221705,94.004684,0.13639343,49.734943,-14.457376,20.739117,-299.8332124,-9.752922,26.428013,-257.7503494,0.663185545,0.622405719,6.149082401
R5,1,Landrace,CHIGUNWE,70,0.46938825,23.446262,0.09974873,50.733875,1.4678411,14.54026,21.34279123,9.839368,17.068794,167.9461455,0.332836771,0.300012732,9.861902758
R5,1,Landrace,CHIZAMBIA,80,0.46324167,100.35377,0.0455063,51.310047,-8.398089,12.402427,-104.1566858,-5.0994964,16.575182,-84.52508094,0.478464892,0.441966218,7.628286655
R5,1,Commercial,DENDERA,80,0.43147305,55.034508,0.0836817,47.785267,-4.688695,13.876493,-65.06264335,0.67798126,17.189207,11.65396022,0.406385956,0.362373744,10.83015088
R5,1,Commercial,GUINEAFOWL,80,0.48124823,62.62629,0.14624548,54.499912,-7.7415724,21.389078,-165.5850959,-0.16586818,26.610764,-4.413878993,0.532567943,0.49832531,6.429720959
R5,1,Landrace,GURA_KUKUMBIRA,90,0.42962912,36.73031,0.17969,48.157745,-0.38295346,20.59655,-7.887520087,9.79137,23.357748,228.704353,0.381929319,0.343765046,9.992496373
R5,1,Pre-release,ICGV-SM-15576,70,0.46749222,112.725914,0.06816465,53.35696,-13.958747,16.174559,-225.7765769,-11.033453,22.027382,-243.038084,0.771515903,0.757257687,1.848078081
R5,1,Pre-release,ICGV-SM-15592,50,0.4980739,45.572807,0.1200273,55.0011,-3.8356888,18.46419,-70.82288678,4.1833677,22.83633,95.53276531,0.455013259,0.437848974,3.772260504
R5,1,Pre-release,ICGV-SM-15631,50,0.44987306,53.779976,0.09951097,49.958332,-4.914078,15.6884165,-77.09410238,1.2306916,19.437761,23.92188919,0.529006901,0.51183074,3.246868936
R5,1,Pre-release,ICGV-SM-16637,50,0.47129786,57.464417,0.14863724,53.261105,-6.56344,20.952877,-137.522951,1.2989501,25.743246,33.43919197,0.48713029,0.44878199,7.872288187
R5,1,Pre-release,IGGV-SM-15588,50,0.44729567,45.06624,0.16754895,50.397026,-3.329784,20.922483,-69.66734913,5.8106794,24.630363,143.1191429,0.408520211,0.369879644,9.458667249
R5,1,Commercial,ILLANDA,90,0.45385352,61.598667,0.19294071,52.481133,-8.239961,24.571587,-202.4689186,0.36713874,29.548096,10.84825073,0.578754775,0.51017316,11.84985722
R5,1,Commercial,JESA,90,0.4698796,50.69841,0.17507869,53.251175,-5.154783,22.844398,-117.7579145,4.130524,27.38481,113.1136149,0.558656983,0.495177115,11.36294174
R5,1,Landrace,KABHUTSU,90,0.47442758,58.420265,0.17346436,54.130596,-7.2849903,23.426943,-170.6650525,1.3326547,28.535463,38.02791888,0.473286639,0.41798449,11.68470517
R5,1,Landrace,KASAWAYA,90,0.49158525,63.669163,0.20326096,56.908527,-9.640181,27.33396,-263.5043218,-0.39393306,33.361107,-13.14204297,0.561916879,0.482046932,14.21383648
R5,1,Landrace,MAKULU_RED,70,0.45693454,78.99739,0.06628382,50.673206,-7.1023464,13.668318,-97.07712914,-2.729807,17.706537,-48.33542865,0.549564554,0.529474856,3.655566462
R5,1,Landrace,MATATU_MATATU,70,0.48981082,96.937355,0.16312867,58.495705,-19.91848,26.83118,-534.4363222,-15.088891,35.15596,-530.4644484,0.857964894,0.814288334,5.090716379
R5,1,Landrace,MUNZUNGU_MUNEMARI,80,0.43381476,84.03264,0.14083326,50.433025,-12.019677,20.678719,-248.5515232,-6.4857407,26.039858,-168.8877669,0.719147011,0.667486015,7.18364888
R5,1,Landrace,MURAMBATSVINA,70,0.4117432,104.19446,0.13347644,49.376556,-17.510868,21.216112,-371.5125367,-13.6162815,27.392145,-372.9791572,0.892903538,0.84348557,5.534524811
R5,1,Landrace,MUROMO_WEHOTO,80,0.43729123,105.67142,0.09109199,50.633892,-14.17567,17.492428,-247.9668868,-10.683442,23.149334,-247.3145671,0.817435706,0.799081125,2.245385187
R5,1,Commercial,NJIVA,70,0.39000782,90.9443,0.2039482,47.8749,-17.130692,25.473583,-436.3801045,-11.570959,31.091705,-359.7608438,0.889442986,0.778576916,12.46466296
R5,1,Landrace,NYATSINGA,90,0.47982886,89.464806,0.18828523,57.44523,-18.306332,28.099775,-514.4038103,-12.384394,35.895638,-444.5457239,0.772067822,0.741946657,3.901362525
R5,1,Landrace,TUMBE,80,0.4613,82.08736,0.18353206,54.515884,-14.484456,25.843676,-374.3315879,-7.8989954,32.382046,-255.7856324,0.790633658,0.723180818,8.531491054
R5,2,Landrace,AQUA,70,0.49423352,78.22513,0.14441693,56.689816,-11.770449,22.772642,-268.0442213,-5.283744,29.159351,-154.0705459,0.610772226,0.587983357,3.731156721
R5,2,Landrace,BOBWHITE,80,0.52035713,51.12946,0.19223231,58.9196,-5.8357086,26.454865,-154.3828832,4.9256716,32.108673,158.1567787,0.40632331,0.382386991,5.890953949
R5,2,Landrace,CHIGUNWE,60,0.48581293,65.31794,0.058554053,53.161663,-5.5839686,13.088043,-73.08322115,-0.88037395,17.010593,-14.97568295,0.470665581,0.438194946,6.89887604
R5,2,Landrace,CHIZAMBIA,90,0.48385978,52.236755,0.07777351,53.058605,-4.6502056,14.501144,-67.43330104,1.1105138,18.423418,20.45945993,0.50675975,0.482783642,4.731257348
R5,2,Commercial,DENDERA,90,0.4952215,73.66739,0.1567365,56.833775,-11.09603,23.70633,-263.0461489,-3.9418848,30.015385,-118.3171899,0.61527061,0.502232646,18.37207281
R5,2,Commercial,GUINEAFOWL,70,0.48233905,75.49213,0.13646424,55.042023,-10.426645,21.31989,-222.2949245,-4.0000577,27.136007,-108.5455937,0.635122355,0.59437136,6.416243126
R5,2,Landrace,GURA_KUKUMBIRA,90,0.47168854,52.92255,0.1592753,53.284267,-5.6525083,21.660463,-122.4359469,2.9102993,26.294159,76.52387253,0.487600297,0.470404651,3.526586442
R5,2,Pre-release,ICGV-SM-15576,50,0.47128317,150.32976,0.118426025,53.429504,-16.226093,11.252904,-182.5906668,-16.202536,16.799208,-272.1897724,0.809254521,0.8007834,1.046780771
R5,2,Pre-release,ICGV-SM-15592,50,0.49226013,63.372616,0.11158335,54.93805,-7.0713525,18.415764,-130.2243588,-0.49790138,23.398588,-11.65018926,0.549088313,0.529913986,3.492029642
R5,2,Pre-release,ICGV-SM-15631,40,0.42963398,85.613846,0.070061624,48.095966,-7.903839,13.668898,-108.0367691,-3.8156214,17.579546,-67.07689192,0.599720192,0.582908784,2.80320864
R5,2,Pre-release,ICGV-SM-16637,60,0.4660652,64.03958,0.14731514,52.97527,-7.874234,21.034199,-165.6282049,-0.5418291,26.034418,-14.10620527,0.52838547,0.485278684,8.158208106
R5,2,Pre-release,IGGV-SM-15588,50,0.44624472,46.44883,0.16169351,50.277958,-3.7413204,20.503828,-76.71138997,5.033318,24.271452,122.1659362,0.431425827,0.394698626,8.512981625
R5,2,Commercial,ILLANDA,80,0.4290594,75.83718,0.12542659,49.062992,-9.120961,18.446096,-168.2461222,-3.4212327,23.004505,-78.70376475,0.697437921,0.659587903,5.427008911
R5,2,Commercial,JESA,70,0.48768762,67.007645,0.0831362,53.94609,-6.650527,15.623526,-103.9046815,-1.1839523,20.141808,-23.84693991,0.419881234,0.388796125,7.403309893
R5,2,Landrace,KABHUTSU,90,0.4488206,78.80888,0.17417455,52.619667,-12.57679,24.053255,-302.512737,-5.935545,29.901068,-177.4791347,0.521547715,0.49609822,4.879610061
R5,2,Landrace,KASAWAYA,80,0.46532738,74.47364,0.19328171,54.59881,-12.374162,26.19131,-324.0955129,-4.8105607,32.33205,-155.5352891,0.653305107,0.611638441,6.377826563
R5,2,Landrace,MAKULU_RED,80,0.4326444,91.31223,0.16742295,51.672573,-16.13463,24.03243,-387.7543661,-10.816454,30.362738,-328.4171589,0.741898431,0.705217247,4.944232558
R5,2,Landrace,MATATU_MATATU,70,0.41867685,77.082535,0.16211462,48.87113,-10.857233,21.52626,-233.7156204,-4.565393,26.397331,-120.5141902,0.738388015,0.654516529,11.3587279
R5,2,Landrace,MUNZUNGU_MUNEMARI,80,0.43784854,92.70776,0.1431337,51.58926,-14.957385,21.911703,-327.7417778,-10.015435,28.025246,-280.6850297,0.700964213,0.671972892,4.135920214
R5,2,Landrace,MURAMBATSVINA,70,0.4449793,115.924225,0.04849273,50.15483,-11.243633,13.252789,-149.0094957,-8.54194,17.931831,-153.1726245,0.653064813,0.621628578,4.813647024
R5,2,Landrace,MUROMO_WEHOTO,70,0.48135245,63.523193,0.108145714,53.727966,-6.8557005,17.766693,-121.8031261,-0.5017241,22.50427,-11.29093461,0.524478587,0.498229068,5.004879138
R5,2,Commercial,NJIVA,60,0.5308117,99.61165,0.15395623,62.94806,-21.614256,27.865225,-602.2861066,-17.154566,37.346214,-640.6580929,0.797739135,0.764046388,4.223529337
R5,2,Landrace,NYATSINGA,90,0.45966664,77.974335,0.14917207,53.091885,-11.321094,21.97116,-248.7375676,-5.0027246,27.665905,-138.4049035,0.631692437,0.611425988,3.20827797
R5,2,Landrace,TUMBE,60,0.467587,40.966038,0.08332223,51.137882,-2.9451551,14.176814,-41.75291605,3.3344202,17.549768,58.51830092,0.50250465,0.486295397,3.225692043
